Album Artist;Title;Date;File Format
A Girl Called Eddy;A Girl Called Eddy;20040810;FLAC 44.1kHz 16bit
A Girl Called Eddy;Been Around;20200117;FLAC 44.1kHz 24bit
A Girl Called Eddy;The Last Detail;20181102;FLAC 44.1kHz 24bit
ABC;The Lexicon of Love;19820625;FLAC 96kHz 24bit
Al Di Meola/John McLaughlin/Paco de Lucia;Friday Night in San Francisco;19810000;FLAC 176.4kHz 24bit
Al Jarreau;All Fly Home;19781201;FLAC 44.1kHz 16bit
Al Jarreau;Breakin' Away;19810630;FLAC 44.1kHz 16bit
Al Jarreau;Christmas;20081014;FLAC 44.1kHz 16bit
Al Jarreau;Glow;19760000;FLAC 44.1kHz 16bit
Al Jarreau;Heart's Horizon;19880000;FLAC 44.1kHz 16bit
Al Jarreau;Heaven and Earth;19920622;FLAC 44.1kHz 16bit
Al Jarreau;High Crime;19841028;FLAC 44.1kHz 16bit
Al Jarreau;In London;19840000;FLAC 44.1kHz 16bit
Al Jarreau;Jarreau;19830000;FLAC 44.1kHz 16bit
Al Jarreau;L Is for Lover;19860908;FLAC 44.1kHz 16bit
Al Jarreau;My Old Friend: Celebrating George Duke;20140805;FLAC 96kHz 24bit
Al Jarreau;This Time;19800615;FLAC 44.1kHz 16bit
Al Jarreau;Tomorrow Today;20000307;FLAC 44.1kHz 16bit
Al Jarreau;We Got By;19750000;FLAC 44.1kHz 16bit
Al Jarreau;Wow! (Live at the Childe Harold);20241129;FLAC 96kHz 24bit
Al Jarreau/NDR Bigband;Ellington;20241101;FLAC 48kHz 24bit
Amy Winehouse;Back to Black;20061219;FLAC 96kHz 24bit
Amy Winehouse;Frank;20031202;FLAC 44.1kHz 24bit
Andy Partridge;My Failed Songwriting Career, Vol. 1;20210723;FLAC 44.1kHz 16bit
Andy Partridge;My Failed Songwriting Career, Vol. 2;20220408;FLAC 44.1kHz 16bit
Andy Partridge & Harold Budd;Through the Hill;19940000;FLAC 44.1kHz 16bit
Andy Summers & Robert Fripp;Bewitched;19840917;FLAC 44.1kHz 16bit
Andy Summers & Robert Fripp;I Advance Masked;19821001;FLAC 192kHz 24bit
Animal Nightlife;Shangri-la (Deluxe Edition);20161111;FLAC 44.1kHz 16bit
Anita Baker;Christmas Fantasy;20051004;FLAC 44.1kHz 16bit
Anita Baker;Compositions;19900703;FLAC 44.1kHz 16bit
Anita Baker;Giving You the Best That I Got;19881018;FLAC 44.1kHz 16bit
Anita Baker;My Everything;20040907;FLAC 44.1kHz 16bit
Anita Baker;Rapture;19860320;FLAC 192kHz 24bit
Anita Baker;Rhythm of Love;19940913;FLAC 44.1kHz 16bit
Anita Baker;The Songstress;19830600;FLAC 44.1kHz 16bit
Annie & The Caldwells;Can't Lose My (Soul);20250321;FLAC 44.1kHz 24bit
Arturo Benedetti Michelangeli;Debussy: Préludes, Book 1;19840725;FLAC 192kHz 24bit
Ashford & Simpson;Stay Free;19790809;FLAC 44.1kHz 16bit
Avion Travel;Danson Metropoli: Canzoni di Paolo Conte;20070212;FLAC 44.1kHz 16bit
Aztec Camera;Dreamland;19930525;FLAC 44.1kHz 16bit
Aztec Camera;Frestonia;19951114;FLAC 44.1kHz 16bit
Aztec Camera;High Land, Hard Rain;19830600;FLAC 44.1kHz 16bit
Aztec Camera;Knife;19840900;FLAC 44.1kHz 16bit
Aztec Camera;Love;19871100;FLAC 44.1kHz 16bit
Aztec Camera;Stray;19900600;FLAC 44.1kHz 16bit
Beatie Wolfe & Brian Eno;Luminal;20250606;FLAC 96kHz 24bit
Ben Folds;Ben Folds Live with the National Symphony Orchestra;20250704;FLAC 48kHz 24bit
Ben Folds Five;Whatever and Ever Amen;19970318;FLAC 44.1kHz 16bit
Ben Watt;Fever Dream;20160408;FLAC 44.1kHz 16bit
Ben Watt;Hendra;20140414;FLAC 44.1kHz 16bit
Ben Watt;North Marine Drive;19830000;FLAC 44.1kHz 16bit
Ben Watt;Storm Damage;20200131;FLAC 48kHz 24bit
Ben Watt;Storm Shelter;20210428;FLAC 48kHz 24bit
Ben Watt with Robert Wyatt;Summer into Winter;19820000;FLAC 44.1kHz 16bit
Berliner Philharmoniker, Claudio Abbado;Mozart: Requiem;19991011;FLAC 44.1kHz 16bit
Bernard Butler;Good Grief;20240531;FLAC 48kHz 24bit
Big Blue Ball;Big Blue Ball;20080624;FLAC 48kHz 24bit
Bill LaBounty;Bill LaBounty;19820111;FLAC 44.1kHz 16bit
Bill LaBounty;Love at the End of the World;20260424;FLAC 96kHz 24bit
Bill Withers;'Bout Love;19780000;FLAC 96kHz 24bit
Bill Withers;+'Justments;19740000;FLAC 96kHz 24bit
Bill Withers;Just as I Am;19710000;FLAC 96kHz 24bit
Bill Withers;Making Music;19750000;FLAC 96kHz 24bit
Bill Withers;Menagerie;19770000;FLAC 96kHz 24bit
Bill Withers;Naked & Warm;19760000;FLAC 96kHz 24bit
Bill Withers;Still Bill;19720000;FLAC 96kHz 24bit
Bill Withers;Watching You Watching Me;19850000;FLAC 96kHz 24bit
Billy Joel;52nd Street;19781000;FLAC 96kHz 24bit
Billy Joel;An Innocent Man;19830800;FLAC 96kHz 24bit
Billy Joel;Cold Spring Harbor;19710000;FLAC 96kHz 24bit
Billy Joel;Glass Houses;19800300;FLAC 96kHz 24bit
Billy Joel;Piano Man;19731107;FLAC 96kHz 24bit
Billy Joel;River of Dreams;19930810;FLAC 96kHz 24bit
Billy Joel;Storm Front;19890000;FLAC 96kHz 24bit
Billy Joel;Streetlife Serenade;19741000;FLAC 96kHz 24bit
Billy Joel;The Bridge;19860700;FLAC 96kHz 24bit
Billy Joel;The Nylon Curtain;19820900;FLAC 96kHz 24bit
Billy Joel;The Stranger;19770900;FLAC 88.2kHz 24bit
Billy Joel;Turnstiles;19760500;FLAC 96kHz 24bit
Björk;Homogenic;19970922;FLAC 44.1kHz 16bit
Bob Dylan;Blonde on Blonde;19660516;FLAC 96kHz 24bit
Bob Dylan;Blood on the Tracks;19750120;FLAC 96kHz 24bit
Bob Dylan;Highway 61 Revisited;19650830;FLAC 96kHz 24bit
Bob Dylan;Oh Mercy;19890912;FLAC 96kHz 24bit
Bob Dylan;Time Out of Mind;19970930;FLAC 44.1kHz 24bit
Bobby McFerrin;Bobby McFerrin;19820500;FLAC 44.1kHz 16bit
Boz Scaggs;Hits!;19801101;FLAC 44.1kHz 16bit
Brian Eno;Ambient 1: Music for Airports;19780000;FLAC 44.1kHz 16bit
Brian Eno;Another Green World;19751100;FLAC 44.1kHz 16bit
Brian Eno;Before and After Science;19771200;FLAC 44.1kHz 16bit
Brian Eno;Discreet Music;19751200;FLAC 44.1kHz 16bit
Brian Eno;FOREVERANDEVERNOMORE;20221014;FLAC 44.1kHz 24bit
Brian Eno;Here Come the Warm Jets;19740100;FLAC 44.1kHz 16bit
Brian Eno;Music for Films;19781000;FLAC 44.1kHz 16bit
Brian Eno;Nerve Net (Expanded Edition);19920901;FLAC 44.1kHz 16bit
Brian Eno;Taking Tiger Mountain (By Strategy);19741100;FLAC 44.1kHz 16bit
Brian Eno;The Shutov Assembly (Expanded Edition);19921110;FLAC 44.1kHz 16bit
Brian Eno / David Byrne;My Life in the Bush of Ghosts;19810200;FLAC 44.1kHz 16bit
Brian Eno & Beatie Wolfe;Liminal;20251010;FLAC 96kHz 24bit
Bronski Beat;The Age of Consent;19841015;FLAC 44.1kHz 16bit
Brooke Combe;Black is the New Gold;20230421;FLAC 44.1kHz 24bit
Brooke Combe;Dancing at the Edge of the World;20250131;FLAC 44.1kHz 16bit
Brooke Combe;Dancing at the Edge of the World (Acoustic);20250430;FLAC 48kHz 24bit
Bruce Springsteen;Born in the U.S.A.;19840604;FLAC 96kHz 24bit
Bruce Springsteen;Born to Run;19750825;FLAC 96kHz 24bit
Bruce Springsteen;Darkness on the Edge of Town;19780602;FLAC 96kHz 24bit
Bruce Springsteen;Devils & Dust;20050426;FLAC 96kHz 24bit
Bruce Springsteen;Greetings from Asbury Park, N.J.;19730105;FLAC 96kHz 24bit
Bruce Springsteen;High Hopes;20140113;FLAC 44.1kHz 24bit
Bruce Springsteen;Human Touch;19920331;FLAC 96kHz 24bit
Bruce Springsteen;In Concert/MTV Plugged;19930400;FLAC 96kHz 24bit
Bruce Springsteen;Letter to You;20201023;FLAC 96kHz 24bit
Bruce Springsteen;Live in New York City;20010327;FLAC 44.1kHz 16bit
Bruce Springsteen;Lucky Town;19920331;FLAC 96kHz 24bit
Bruce Springsteen;Magic;20071002;FLAC 88.2kHz 24bit
Bruce Springsteen;Nebraska '82 Expanded Edition (2025);19820930;Mixed Track Formats
Bruce Springsteen;Only the Strong Survive;20221111;FLAC 96kHz 24bit
Bruce Springsteen;Springsteen on Broadway;20181214;FLAC 48kHz 24bit
Bruce Springsteen;The Ghost of Tom Joad;19951121;FLAC 44.1kHz 24bit
Bruce Springsteen;The Rising;20020730;FLAC 88.2kHz 24bit
Bruce Springsteen;The River;19801010;FLAC 44.1kHz 24bit
Bruce Springsteen;The Ties That Bind: The River Collection;19800000;FLAC 44.1kHz 16bit
Bruce Springsteen;The Wild, the Innocent and the E Street Shuffle;19730911;FLAC 96kHz 24bit
Bruce Springsteen;Track II: The Lost Albums;20250627;Mixed Track Formats
Bruce Springsteen;Tracks;19981110;FLAC 44.1kHz 24bit
Bruce Springsteen;Tunnel of Love;19871009;FLAC 44.1kHz 24bit
Bruce Springsteen;Western Stars;20190614;FLAC 96kHz 24bit
Bruce Springsteen;Working on a Dream;20090127;FLAC 44.1kHz 24bit
Bruce Springsteen;Wrecking Ball;20120306;FLAC 44.1kHz 24bit
Bruce Springsteen & the E Street Band;Live 1975-85;19861110;FLAC 44.1kHz 16bit
Bruce Springsteen with the Sessions Band;Live in Dublin;20070605;FLAC 44.1kHz 16bit
Bryan Ferry;Avonmore;20141117;FLAC 44.1kHz 16bit
Bryan Ferry;Bête Noire (2025);19871000;FLAC 44.1kHz 16bit
Bryan Ferry;Boys and Girls;19850500;FLAC 44.1kHz 16bit
Bryan Ferry;Loose Talk;20250328;FLAC 48kHz 24bit
Bryan Ferry;Mamouna;19940920;FLAC 44.1kHz 24bit
Bryan Ferry;Retrospective: Selected Recordings 1973-2023;20241025;FLAC 44.1kHz 24bit, FLAC 44.1kHz 16bit
Butler, Blake & Grant;Butler, Blake & Grant;20250328;FLAC 48kHz 24bit
Butler, Blake & Grant;Murmurs;20260403;FLAC 48kHz 24bit
Caetano Veloso;Caetano;19880000;FLAC 44.1kHz 16bit
Caetano Veloso;Circuladô;19910000;FLAC 44.1kHz 16bit
Caetano Veloso;Circuladô Vivo;19920000;FLAC 44.1kHz 16bit
Caetano Veloso;Estrangeiro;19890000;FLAC 44.1kHz 16bit
Caetano Veloso;Meu Coco;20211021;FLAC 192kHz 24bit
Carole King;Tapestry;19710210;FLAC 96kHz 24bit
Cat Stevens;Tea for the Tillerman;19701123;FLAC 192kHz 24bit
Cat Stevens;Teaser and the Firecat;19711000;FLAC 44.1kHz 16bit
Charles Mingus;Mingus Ah Um;19591000;FLAC 96kHz 24bit
Charles Mingus;Pithecanthropus Erectus;19560701;FLAC 44.1kHz 16bit
China Crisis;Autumn in the Neighbourhood;20150603;FLAC 44.1kHz 16bit
China Crisis;Diary of a Hollow Horse;19890000;FLAC 44.1kHz 16bit
China Crisis;Difficult Shapes & Passive Rhythms: Some People Think It's Fun To Entertain;19820000;FLAC 44.1kHz 16bit
China Crisis;Flaunt the Imperfection;19850429;FLAC 44.1kHz 16bit
China Crisis;Warped by Success;19940808;FLAC 44.1kHz 16bit
China Crisis;What Price Paradise;19860000;FLAC 44.1kHz 16bit
China Crisis;Working with Fire and Steel: Possible Pop Songs, Vol. 2;19830000;FLAC 44.1kHz 16bit
Chris Rea;Chris Rea;19810200;FLAC 44.1kHz 16bit
Chris Rea;Dancing with Strangers;19870914;FLAC 44.1kHz 16bit, FLAC 96kHz 24bit
Chris Rea;On the Beach;19860000;FLAC 44.1kHz 16bit
Chris Rea;Shamrock Diaries;19850517;FLAC 44.1kHz 16bit
Chris Rea;Tennis;19800704;FLAC 44.1kHz 16bit
Chris Rea;The Road to Hell;19891030;FLAC 44.1kHz 16bit
Chris Rea;Water Sign;19830603;FLAC 44.1kHz 16bit
Chris Rea;Wired to the Moon;19840718;FLAC 44.1kHz 16bit
Claire Martin;Believin' it;20190426;DSF DSD512
Colin Steele Quartet;Diving For Pearls: Jazz Interpretations of the Pearlfishers Songbook;20170728;FLAC 96kHz 24bit
Colin Steele Quartet;Joni: Jazz Interpretations of the Joni Mitchell Songbook;20200918;FLAC 96kHz 24bit
Colin Steele Quartet;The Blue Nile: Jazz Interpretations of the Blue Nile Songbook;20250620;FLAC 96kHz 24bit
Courtney Pine;Black Notes from the Deep;20171027;FLAC 44.1kHz 24bit
Curt Smith;Soul on Board;19930500;FLAC 44.1kHz 24bit
Dalla/Morandi;Dalla/Morandi;19880000;FLAC 44.1kHz 16bit
Daniel Lanois;Acadie;19890926;FLAC 44.1kHz 16bit
Daniel Lanois;Belladonna Nocturne;20260619;FLAC 48kHz 24bit
Daniel Lanois;For the Beauty of Wynona;19930323;FLAC 44.1kHz 16bit
Danny Wilson;Bebop Moptop;19890717;FLAC 44.1kHz 16bit
Danny Wilson;Meet Danny Wilson;19870406;FLAC 44.1kHz 16bit
Daryl Hall;Sacred Songs;19800000;FLAC 44.1kHz 16bit
Daryl Hall & John Oates;Abandoned Luncheonette;19730000;FLAC 44.1kHz 16bit
Daryl Hall & John Oates;Do It for Love;20030211;FLAC 44.1kHz 24bit
Daryl Hall & John Oates;H2O;19820000;FLAC 44.1kHz 16bit
Daryl Hall & John Oates;Live in Dublin;20150330;FLAC 44.1kHz 16bit
Daryl Hall & John Oates;Marigold Sky;19970917;FLAC 44.1kHz 16bit
Daryl Hall & John Oates;Our Kind of Soul;20041026;FLAC 44.1kHz 24bit
Daryl Hall & John Oates;Voices;19800700;FLAC 44.1kHz 16bit
Daryl Hall & John Oates;Whole Oats;19720000;FLAC 44.1kHz 16bit
Daryl Hall and John Oates;Along the Red Ledge;19780900;FLAC 44.1kHz 16bit
Daryll Hall & John Oates;Daryl Hall & John Oates;19750900;FLAC 44.1kHz 16bit
David Bowie;★;20160108;FLAC 44.1kHz 24bit, FLAC 96kHz 24bit
David Bowie;Aladdin Sane;19730419;FLAC 192kHz 24bit
David Bowie;Black Tie White Noise;19930405;FLAC 192kHz 24bit
David Bowie;Diamond Dogs;19740524;FLAC 192kHz 24bit
David Bowie;Heroes;19771014;FLAC 192kHz 24bit
David Bowie;Hunky Dory;19711217;FLAC 96kHz 24bit
David Bowie;Let's Dance;19830414;FLAC 192kHz 24bit
David Bowie;Lodger;19790525;FLAC 192kHz 24bit
David Bowie;Low;19770114;FLAC 192kHz 24bit
David Bowie;Never Let Me Down;19870421;FLAC 96kHz 24bit
David Bowie;Pin Ups;19731019;FLAC 192kHz 24bit
David Bowie;Station to Station;19760123;FLAC 192kHz 24bit
David Bowie;The Man Who Sold the World;19701104;FLAC 192kHz 24bit
David Bowie;The Next Day;20130308;FLAC 96kHz 24bit
David Bowie;The Rise and Fall of Ziggy Stardust and the Spiders From Mars;19720616;FLAC 192kHz 24bit
David Bowie;Tonight;19840924;FLAC 44.1kHz 16bit
David Bowie;Young Americans;19750307;FLAC 192kHz 24bit
David Byrne;American Utopia;20180309;FLAC 96kHz 24bit
David Byrne;David Byrne;19940524;FLAC 44.1kHz 16bit
David Byrne;Grown Backwards;20040316;FLAC 44.1kHz 16bit
David Byrne;Look into the Eyeball;20010508;FLAC 44.1kHz 16bit
David Byrne;Rei Momo;19891000;FLAC 44.1kHz 16bit
David Byrne;T Shirt;20251118;FLAC 96kHz 24bit
David Byrne;The Forest;19910600;FLAC 44.1kHz 16bit
David Byrne;Uh-Oh;19920300;FLAC 44.1kHz 16bit
David Byrne;Who Is the Sky?;20250905;FLAC 96kHz 24bit
David Crosby;For Free;20210723;FLAC 44.1kHz 16bit
David Crosby;If I Could Only Remember My Name...;19710222;FLAC 96kHz 24bit, FLAC 192kHz 24bit
David Gilmour;Luck and Strange;20240906;FLAC 96kHz 24bit
David Gilmour;The Luck and Strange Concerts;20251017;FLAC 96kHz 24bit
David Sylvian;Alchemy: An Index of Possibilities;19851209;FLAC 44.1kHz 16bit
David Sylvian;Approaching Silence;19991005;FLAC 44.1kHz 16bit
David Sylvian;Blemish;20030522;FLAC 44.1kHz 16bit
David Sylvian;Brilliant Trees;19840625;FLAC 44.1kHz 16bit
David Sylvian;Camphor;20020514;FLAC 44.1kHz 16bit
David Sylvian;Dead Bees on a Cake;19990330;FLAC 44.1kHz 16bit
David Sylvian;Died in the Wool: Manafon Variations;20110523;FLAC 44.1kHz 16bit
David Sylvian;Everything and Nothing;20001017;FLAC 44.1kHz 16bit
David Sylvian;Gone to Earth;19860901;FLAC 44.1kHz 16bit
David Sylvian;Manafon;20090914;FLAC 44.1kHz 16bit
David Sylvian;Secrets of the Beehive;19871019;FLAC 44.1kHz 16bit
David Sylvian;Sleepwalkers;20100927;FLAC 44.1kHz 24bit
David Sylvian;The Good Son vs. The Only Daughter: The Blemish Remixes;20050308;FLAC 44.1kHz 16bit
David Sylvian & Robert Fripp;The First Day;19930810;FLAC 44.1kHz 16bit
David Sylvian/Holger Czukay;Plight & Premonition / Flux & Mutability;20180622;FLAC 44.1kHz 16bit
Deacon Blue;A New House;20140908;FLAC 44.1kHz 16bit
Deacon Blue;Believers;20160930;FLAC 96kHz 24bit
Deacon Blue;City of Love;20200306;FLAC 44.1kHz 24bit
Deacon Blue;Fellow Hoodlums;19910603;FLAC 44.1kHz 16bit
Deacon Blue;Homesick;20010430;FLAC 44.1kHz 16bit
Deacon Blue;Live at the Glasgow Barrowlands;20170331;FLAC 96kHz 24bit
Deacon Blue;Raintown;19870526;FLAC 44.1kHz 16bit
Deacon Blue;Riding on the Tide of Love;20210205;FLAC 48kHz 24bit
Deacon Blue;The Great Western Road;20250321;FLAC 96kHz 24bit
Deacon Blue;The Hipsters;20120924;FLAC 44.1kHz 16bit
Deacon Blue;Whatever You Say, Say Nothing;19930301;FLAC 44.1kHz 16bit
Deacon Blue;When the World Knows Your Name;19890403;FLAC 44.1kHz 16bit
Dead Can Dance;2005-03-10: Olympia Theatre, Dublin, Ireland;20210514;FLAC 44.1kHz 16bit
Dead Can Dance;Anastasis;20120813;FLAC 44.1kHz 24bit
Dead Can Dance;Dionysus;20181102;FLAC 44.1kHz 24bit
Dead Can Dance;Into the Labyrinth;19930913;FLAC 44.1kHz 16bit
Dead Can Dance;Spiritchaser;19960000;FLAC 44.1kHz 16bit
Dee C Lee;Extended Versions;20241025;FLAC 48kHz 24bit
Dee C. Lee;Just Something;20240322;FLAC 44.1kHz 16bit
Dee C. Lee;Shrine;19860211;FLAC 44.1kHz 16bit
Dexter Gordon;Round Midnight [Original Motion Picture Soundtrack];19860118;FLAC 44.1kHz 16bit
Dexter Gordon;The Other Side of Round Midnight;19850000;FLAC 44.1kHz 16bit
Dire Straits;Brothers in Arms;19850500;FLAC 44.1kHz 16bit
Dire Straits;Brothers in Arms (40th Anniversary);20250516;FLAC 44.1kHz 24bit
Dire Straits;Communiqué;19790600;FLAC 44.1kHz 16bit
Dire Straits;Dire Straits;19781000;FLAC 44.1kHz 16bit
Dire Straits;Live 1978-1992;20231103;FLAC 44.1kHz 24bit
Dire Straits;Love Over Gold;19820900;FLAC 44.1kHz 16bit
Dire Straits;Making Movies;19801017;FLAC 44.1kHz 16bit
Dire Straits;On Every Street;19910900;FLAC 44.1kHz 16bit
Djavan;Ao vivo no Montreux Jazz Festival 1997;20220311;FLAC 48kHz 24bit
Djavan;Ao Vivo, Vol. 1;19990000;FLAC 44.1kHz 16bit
Djavan;Bicho Solto O XIII;19990309;FLAC 44.1kHz 16bit
Djavan;D;20220811;FLAC 48kHz 24bit
Djavan;Djavan ao vivo, Volume 2;19990000;FLAC 44.1kHz 16bit
Djavan;Improviso;20251111;FLAC 48kHz 24bit
Djavan;Lilas;19840000;FLAC 44.1kHz 16bit
Djavan;Luz;19820000;FLAC 44.1kHz 16bit
Djavan;Não é Azul Mas é Mar;19870325;FLAC 44.1kHz 16bit
Djavan;Puzzle of Hearts;19900529;FLAC 44.1kHz 16bit
Djavan;Seduzir;19810000;FLAC 44.1kHz 16bit
Donald Fagen;Cheap Xmas: Donald Fagen Complete;20121016;FLAC 44.1kHz 24bit, FLAC 88.2kHz 24bit
Donald Fagen;Donald Fagen's The Nightfly Live;20210924;FLAC 96kHz 24bit
Donald Fagen;Kamakiriad;19930525;FLAC 96kHz 24bit
Donald Fagen;Morph the Cat;20060307;FLAC 96kHz 24bit
Donald Fagen;Sunken Condos;20121016;FLAC 88.2kHz 24bit
Donald Fagen;The Nightfly;19821000;FLAC 48kHz 24bit
Earth, Wind & Fire;All 'N All;19771121;FLAC 96kHz 24bit
Earth, Wind & Fire;Earth, Wind and Fire;19710200;FLAC 44.1kHz 16bit
Earth, Wind & Fire;Electric Universe;19831100;FLAC 96kHz 24bit
Earth, Wind & Fire;Faces;19801014;FLAC 96kHz 24bit
Earth, Wind & Fire;Head to the Sky;19730500;FLAC 96kHz 24bit
Earth, Wind & Fire;Heritage;19900130;FLAC 96kHz 24bit
Earth, Wind & Fire;I Am;19790600;FLAC 96kHz 24bit
Earth, Wind & Fire;Illumination;20050920;FLAC 44.1kHz 16bit
Earth, Wind & Fire;Last Days and Time;19721100;FLAC 96kHz 24bit
Earth, Wind & Fire;Millennium;19930914;FLAC 44.1kHz 16bit
Earth, Wind & Fire;Open Our Eyes;19740325;FLAC 96kHz 24bit
Earth, Wind & Fire;Powerlight;19830200;FLAC 96kHz 24bit
Earth, Wind & Fire;Raise!;19811114;FLAC 96kHz 24bit
Earth, Wind & Fire;Spirit;19760900;FLAC 96kHz 24bit
Earth, Wind & Fire;That's the Way of the World;19750315;FLAC 96kHz 24bit
Earth, Wind & Fire;The Need of Love;19711100;FLAC 44.1kHz 16bit
Earth, Wind & Fire;The Promise;20030520;FLAC 44.1kHz 16bit
Earth, Wind & Fire;Touch the World;19871000;FLAC 96kHz 24bit
EG;Adventure Man;20090623;FLAC 44.1kHz 16bit
EG;Turn Me On, I'm a Rocket Man;19960201;FLAC 44.1kHz 16bit
Eg & Alice;24 Years of Hunger;19910106;FLAC 48kHz 24bit
Elvis Costello;Brutal Youth;19940308;FLAC 44.1kHz 16bit
Elvis Costello;Hey Clockface;20201030;FLAC 44.1kHz 24bit
Elvis Costello;King of America;19860221;FLAC 192kHz 24bit
Elvis Costello;Mighty Like a Rose;19910514;FLAC 44.1kHz 16bit
Elvis Costello;My Aim Is True;19770722;FLAC 192kHz 24bit
Elvis Costello;North;20030923;FLAC 192kHz 24bit
Elvis Costello;Spike;19890000;FLAC 44.1kHz 16bit
Elvis Costello / The Brodsky Quartet;The Juliet Letters;19930112;FLAC 44.1kHz 16bit
Elvis Costello & Burt Bacharach;Painted From Memory;19980929;FLAC 44.1kHz 16bit
Elvis Costello & the Attractions;Almost Blue;19811100;FLAC 192kHz 24bit
Elvis Costello & the Attractions;Blood & Chocolate;19860915;FLAC 192kHz 24bit
Elvis Costello & the Attractions;Goodbye Cruel World;19840618;FLAC 192kHz 24bit
Elvis Costello & the Attractions;Imperial Bedroom;19820702;FLAC 192kHz 24bit
Elvis Costello & the Attractions;Punch the Clock;19830000;FLAC 192kHz 24bit
Elvis Costello & the Imposters;Look Now;20181012;FLAC 96kHz 24bit
Elvis Costello & the Imposters;The Boy Named If;20220114;FLAC 44.1kHz 24bit
Elvis Costello/Marian McPartland;Marian McPartland's Piano Jazz with Guest Elvis Costello;20050712;FLAC 44.1kHz 16bit
Emma-Jean Thackray;Weirdo;20250425;FLAC 96kHz 24bit
Emma-Jean Thackray;Yellow;20210723;FLAC 44.1kHz 24bit
Eno/Cale;Wrong Way Up;19901016;FLAC 44.1kHz 16bit
Erykah Badu;Baduizm;19970211;FLAC 44.1kHz 16bit
Erykah Badu;Live;19971118;FLAC 44.1kHz 16bit
Erykah Badu;Mama's Gun;20001031;FLAC 44.1kHz 16bit
Erykah Badu;New Amerykah, Pt. 1: 4th World War;20080226;FLAC 44.1kHz 16bit
Erykah Badu;New Amerykah, Pt. 2: Return of the Ankh;20100330;FLAC 44.1kHz 16bit
Erykah Badu;Worldwide Underground;20030916;FLAC 44.1kHz 16bit
Everything But the Girl;Acoustic;19920602;FLAC 44.1kHz 16bit
Everything But the Girl;Amplified Heart (2026 Deluxe Edition);19940719;FLAC 44.1kHz 16bit
Everything But the Girl;Baby, the Stars Shine Bright;19860825;FLAC 44.1kHz 16bit
Everything But the Girl;Eden (2026 Deluxe Edition);19840604;FLAC 44.1kHz 16bit
Everything But the Girl;Fuse;20230421;FLAC 48kHz 24bit
Everything But the Girl;Idlewild;19880229;FLAC 44.1kHz 16bit
Everything But the Girl;Love Not Money;19850415;FLAC 44.1kHz 16bit
Everything But the Girl;Temperamental;19990928;FLAC 44.1kHz 16bit
Everything But the Girl;The Language of Life;19900205;FLAC 44.1kHz 16bit
Everything But the Girl;Walking Wounded;19960521;FLAC 44.1kHz 16bit
Everything But the Girl;Worldwide;19910923;FLAC 44.1kHz 16bit
Fabrizio De André;1991 concerti;19910000;FLAC 44.1kHz 16bit
Fabrizio De André;Anime salve;19960000;FLAC 44.1kHz 16bit
Fabrizio De André;Canzoni;19740412;FLAC 44.1kHz 16bit
Fabrizio De André;Creuza de mä;19840300;FLAC 44.1kHz 16bit
Fabrizio De André;Fabrizio De André;19810000;FLAC 192kHz 24bit
Fabrizio De André;La buona novella;19701119;FLAC 44.1kHz 16bit
Fabrizio De André;Le nuvole;19900924;FLAC 44.1kHz 16bit
Fabrizio De André;Non al denaro, non all'amore né al cielo;19711111;FLAC 44.1kHz 16bit
Fabrizio De André;Rimini;19780000;FLAC 44.1kHz 16bit
Fabrizio De André;Storia di un impiegato;19731002;FLAC 44.1kHz 16bit
Fabrizio De André;Tutti morimmo a stento;19680900;FLAC 44.1kHz 16bit
Fabrizio De André;Volume 8;19750000;FLAC 44.1kHz 16bit
Fabrizio de André;Volume I;19670500;FLAC 44.1kHz 16bit
Fabrizio de André;Volume III;19680000;FLAC 44.1kHz 16bit
Flavio Giurato;Il Console Generale;20260116;FLAC 44.1kHz 16bit
Flavio Giurato;Il manuale del cantautore;20071120;FLAC 44.1kHz 16bit
Flavio Giurato;Il tuffatore;19820900;FLAC 44.1kHz 16bit
Flavio Giurato;Le promesse del mondo;20171005;FLAC 44.1kHz 16bit
Flavio Giurato;Marco Polo;19840000;FLAC 44.1kHz 16bit
Fra Lippo Lippi;Light & Shade;19870915;FLAC 44.1kHz 16bit
Francesco De Gregori;Rimmel;19750100;FLAC 44.1kHz 16bit
Francesco De Gregori;Scacchi e tarocchi;19850000;FLAC 44.1kHz 16bit
Francesco De Gregori;Titanic;19820000;FLAC 44.1kHz 16bit
Francesco DeGregori/Lucio Dalla;Banana Republic;19790728;FLAC 44.1kHz 16bit
Franco Battiato;Apriti Sesamo;20121023;FLAC 44.1kHz 24bit
Franco Battiato;Caffè de La Paix;19931213;FLAC 48kHz 24bit
Franco Battiato;Come un cammello in una grondaia;19910000;FLAC 48kHz 24bit
Franco Battiato;Fisiognomica;19880000;FLAC 48kHz 24bit
Franco Battiato;Fleurs;20011106;FLAC 48kHz 24bit
Franco Battiato;Fleurs 2;20081223;FLAC 96kHz 24bit
Franco Battiato;Fleurs 3;20020820;FLAC 44.1kHz 16bit
Franco Battiato;Gommalacca;19980000;FLAC 48kHz 24bit
Franco Battiato;L'arca di Noè;19820000;FLAC 96kHz 24bit
Franco Battiato;L'era del cinghiale bianco;19790910;FLAC 96kHz 24bit
Franco Battiato;L'ombrello e la macchina da cucire;19950000;FLAC 48kHz 24bit
Franco Battiato;La voce del padrone;19810000;FLAC 96kHz 24bit
Franco Battiato;Orizzonti perduti;19830000;FLAC 48kHz 24bit
Franco Battiato;Patriots;19801000;FLAC 44.1kHz 24bit
Frankie Goes to Hollywood;Liverpool;19860000;FLAC 44.1kHz 16bit
Frankie Goes to Hollywood;Welcome to the Pleasuredome;19841029;FLAC 44.1kHz 16bit
Friends Again;Trapped and Unwrapped;19840000;FLAC 44.1kHz 16bit
Fripp & Eno;(No Pussyfooting);19731100;FLAC 44.1kHz 16bit
Garbo;A Berlino... va bene;19810900;FLAC 44.1kHz 16bit
Garbo;Come il vetro;20080905;FLAC 44.1kHz 16bit
Garbo;Fine;20150407;FLAC 44.1kHz 16bit
Garbo;La moda;20120228;FLAC 48kHz 24bit
Garbo;Nel vuoto;20230421;FLAC 48kHz 24bit
Garland Jeffreys;14 Steps to Harlem;20170428;FLAC 44.1kHz 16bit
Garland Jeffreys;American Boy & Girl Unplugged;20230629;FLAC 96kHz 24bit
Garland Jeffreys;Don't Call Me Buckwheat;19920128;FLAC 44.1kHz 16bit
Garland Jeffreys;Escape Artist;19810000;FLAC 44.1kHz 16bit
Garland Jeffreys;Garland Jeffreys;19730000;FLAC 44.1kHz 16bit
Garland Jeffreys;Ghost Writer;19770000;FLAC 44.1kHz 16bit
Garland Jeffreys;Guts for Love;19830000;FLAC 44.1kHz 16bit
Garland Jeffreys;Live aus dem Nachtwerk, München, 1992;19920000;FLAC 44.1kHz 24bit
Garland Jeffreys;The King of in Between;20110607;FLAC 44.1kHz 16bit
Garland Jeffreys;Truth Serum;20130917;FLAC 44.1kHz 16bit
Garland Jeffreys;Wildlife Dictionary;19970401;FLAC 44.1kHz 16bit
Gary Clark;Ten Short Songs About Love;19930426;FLAC 44.1kHz 16bit
Gary Daly;Gone from Here;20190531;FLAC 44.1kHz 16bit
Genesis;Foxtrot;19721000;FLAC 44.1kHz 16bit
Genesis;From Genesis to Revelation;19690300;FLAC 44.1kHz 16bit
Genesis;Nursery Cryme;19711100;FLAC 44.1kHz 16bit
Genesis;Selling England by the Pound;19731012;FLAC 44.1kHz 16bit
Genesis;The Lamb Lies Down on Broadway (50th Anniversary Deluxe Edition) (2025);19741118;FLAC 96kHz 24bit
Genesis;Trespass;19701000;FLAC 44.1kHz 16bit
George Duke;Guardian of the Light;19830000;FLAC 44.1kHz 16bit
George Harrison;All Things Must Pass;19701127;FLAC 96kHz 24bit
George Harrison;Cloud Nine;19871102;FLAC 44.1kHz 16bit
George Harrison;Living in the Material World;19730530;FLAC 44.1kHz 24bit
George Harrison;Somewhere in England;19810601;FLAC 44.1kHz 16bit
Gerry Rafferty;Night Owl;19790600;FLAC 44.1kHz 16bit
Gerry Rafferty;Rest in Blue;20210903;FLAC 44.1kHz 16bit
Gil Evans Orchestra;Gil Evans Orchestra (Live at Umbria Jazz), Vol. II;20181207;FLAC 44.1kHz 16bit
Gil Evans Orchestra;Live at Umbria Jazz, Vol. 1;20010102;FLAC 44.1kHz 16bit
Haircut One Hundred;Boxing the Compass;20260619;FLAC 44.1kHz 16bit
Hall & Oates;Big Bam Boom;19840000;FLAC 192kHz 24bit
Hall & Oates;Change of Season;19900000;FLAC 44.1kHz 16bit
Hall & Oates;Live at the Apollo with David Ruffin and Eddie Kendricks;19850000;FLAC 44.1kHz 16bit
Hall & Oates;Ooh Yeah!;19880000;FLAC 44.1kHz 16bit
Hall & Oates;Private Eyes;19810901;FLAC 44.1kHz 16bit
Hall & Oates;War Babies;19740000;FLAC 44.1kHz 16bit
Hall & Oates;X-Static;19790000;FLAC 44.1kHz 16bit
Hall and Oates;Beauty on a Back Street;19770000;FLAC 192kHz 24bit
Hall and Oates;Bigger Than Both of Us;19760000;FLAC 44.1kHz 16bit
Hector Zazou;Sahara Blue;19920115;FLAC 44.1kHz 16bit
Hue and Cry;Everybody;20260529;FLAC 48kHz 24bit
Hue and Cry;Hot Wire;20120319;FLAC 44.1kHz 16bit
Hue and Cry;Jazz Not Jazz;19960900;FLAC 44.1kHz 16bit
Hue and Cry;Next Move;20000619;FLAC 44.1kHz 16bit
Hue and Cry;Open Soul;20080915;FLAC 44.1kHz 16bit
Hue and Cry;Pocketful of Stones;20170414;FLAC 44.1kHz 16bit
Hue and Cry;Remote;19881200;FLAC 44.1kHz 16bit
Hue and Cry;Remote: Major to Minor;20150602;FLAC 44.1kHz 16bit
Hue and Cry;Seduced and Abandoned;19871016;FLAC 44.1kHz 16bit
Hue and Cry;September Songs;20151009;FLAC 44.1kHz 24bit
Hue and Cry;Showtime!;20060530;FLAC 44.1kHz 16bit
Hue and Cry;Stars Crash Down;19991001;FLAC 44.1kHz 16bit
Hue and Cry;Xmasday;20101113;FLAC 44.1kHz 16bit
It's Immaterial;Life's Hard and Then You Die;19861124;FLAC 44.1kHz 16bit
It's Immaterial;Song;19900600;FLAC 44.1kHz 16bit
It’s Immaterial;House for Sale;20200918;FLAC 44.1kHz 16bit
Ivan Lins;A Noite;19790000;FLAC 44.1kHz 16bit
Ivan Lins;Modo Livre;19740815;FLAC 44.1kHz 16bit
Ivan Lins;My Heart Speaks;20230915;DSF DSD128
Ivano Fossati;700 giorni;19860000;FLAC 44.1kHz 16bit
Ivano Fossati;Dal Vivo Volume 1 - Buontempo;19930427;FLAC 44.1kHz 16bit
Ivano Fossati;Dal Vivo Volume 2 - Carte da decifrare;19940819;FLAC 44.1kHz 16bit
Ivano Fossati;Decadancing;20111011;FLAC 44.1kHz 16bit
Ivano Fossati;Discanto;19900829;FLAC 44.1kHz 16bit
Ivano Fossati;Good-bye Indiana;19750600;FLAC 44.1kHz 16bit
Ivano Fossati;Il grande mare che avremmo traversato;19730200;FLAC 44.1kHz 16bit
Ivano Fossati;L'arcangelo;20060000;FLAC 44.1kHz 16bit
Ivano Fossati;La casa del serpente;19770900;FLAC 44.1kHz 16bit
Ivano Fossati;La disciplina della Terra;20000200;FLAC 44.1kHz 16bit
Ivano Fossati;La pianta del tè;19880325;FLAC 44.1kHz 16bit
Ivano Fossati;Lampo viaggiatore;20030000;FLAC 44.1kHz 16bit
Ivano Fossati;Le città di frontiera;19830000;FLAC 44.1kHz 16bit
Ivano Fossati;Lindbergh - Lettere da sopra la pioggia;19920414;FLAC 44.1kHz 16bit
Ivano Fossati;Macramè;19960000;FLAC 44.1kHz 16bit
Ivano Fossati;Musica moderna;20081216;FLAC 44.1kHz 16bit
Ivano Fossati;Not One Word;20010612;FLAC 44.1kHz 16bit
Ivano Fossati;Panama e dintorni;19810100;FLAC 44.1kHz 16bit
Ivano Fossati;Ventilazione;19970428;FLAC 44.1kHz 16bit
Ivano Fossati/Oscar Prudente;Poco prima dell'aurora;20041228;FLAC 44.1kHz 16bit
Jackson Browne;Late for the Sky;19740913;FLAC 192kHz 24bit
Jackson Browne;Lawyers in Love;19830802;FLAC 192kHz 24bit
Jackson Browne;Lives in the Balance;19860218;FLAC 44.1kHz 16bit
Jackson Browne;Running on Empty;19771206;FLAC 192kHz 24bit
Jackson Browne;Solo Acoustic, Vol. 1;20051011;FLAC 44.1kHz 16bit
Jackson Browne;Solo Acoustic, Vol. 2;20080304;FLAC 44.1kHz 16bit
Jackson Browne;The Pretender;19761110;FLAC 44.1kHz 16bit
Jackson Browne;World in Motion;19890606;FLAC 44.1kHz 16bit
Japan;Gentlemen Take Polaroids;19801100;FLAC 44.1kHz 16bit
Japan;Quiet Life;19791200;FLAC 44.1kHz 24bit
Japan;Tin Drum;19811113;FLAC 44.1kHz 16bit
Jason Miles;A Love Affair: The Music of Ivan Lins;20000926;FLAC 96kHz 24bit
Joe Jackson;Beat Crazy;19801000;FLAC 44.1kHz 16bit
Joe Jackson;Big World;19860324;FLAC 44.1kHz 16bit
Joe Jackson;Blaze of Glory;19890000;FLAC 44.1kHz 16bit
Joe Jackson;Body and Soul;19840300;FLAC 44.1kHz 16bit
Joe Jackson;Fast Forward;20151002;FLAC 44.1kHz 24bit
Joe Jackson;Fool;20190118;FLAC 88.2kHz 24bit
Joe Jackson;Hope and Fury;20260410;FLAC 44.1kHz 24bit
Joe Jackson;I'm the Man;19791000;FLAC 44.1kHz 16bit
Joe Jackson;Jumpin' Jive;19810600;FLAC 44.1kHz 16bit
Joe Jackson;Laughter & Lust;19910430;FLAC 44.1kHz 16bit
Joe Jackson;Live 1980/86;19880000;FLAC 44.1kHz 16bit
Joe Jackson;Look Sharp!;19790400;FLAC 44.1kHz 16bit
Joe Jackson;Mike's Murder;19830823;FLAC 44.1kHz 16bit
Joe Jackson;Mr. Joe Jackson Presents Max Champion in 'What a Racket!';20231124;FLAC 48kHz 24bit
Joe Jackson;Night and Day;19820600;FLAC 44.1kHz 16bit
Joe Jackson;Night and Day II;20001024;FLAC 44.1kHz 16bit
Joe Jackson;Night Music;19941004;FLAC 44.1kHz 16bit
Joe Jackson;Rain;20080129;FLAC 44.1kHz 16bit
Joe Jackson;Symphony 1;19991019;FLAC 44.1kHz 16bit
Joe Jackson;The Duke;20120626;FLAC 44.1kHz 16bit
Joe Jackson;Tucker: The Man and His Dream [Original Soundtrack];19880000;FLAC 44.1kHz 16bit
Joe Jackson;Will Power;19870000;FLAC 44.1kHz 16bit
Joe Jackson Band;Afterlife;20040316;FLAC 44.1kHz 16bit
Joe Jackson Band;Volume 4;20030311;FLAC 44.1kHz 16bit
Joe Jackson, Todd Rundgren & Ethel;State Theater New Jersey 2005;20210618;FLAC 48kHz 24bit
Joe Sample;Spellbound;19890000;FLAC 44.1kHz 16bit
John Beasley;A Change of Heart;19930810;FLAC 44.1kHz 16bit
John Beasley;Cauldron;19920114;FLAC 44.1kHz 16bit
John Cale;blackAcetate;20051017;FLAC 44.1kHz 16bit
John Cale;HoboSapiens;20031006;FLAC 44.1kHz 16bit
John Cale;Mercy;20230120;FLAC 44.1kHz 16bit
John Cale;Poptical Illusion;20240614;FLAC 44.1kHz 16bit
John Cale;Shifty Adventures in Nookie Wood;20121001;FLAC 44.1kHz 16bit
John Cale;Words for the Dying;19890919;FLAC 44.1kHz 16bit
John Cale / Bob Neuwirth;Last Day on Earth;19940426;FLAC 44.1kHz 16bit
John Coltrane;My Favorite Things [Rhino];20220520;FLAC 96kHz 24bit
John Lennon;Imagine;19710909;FLAC 96kHz 24bit
John Lennon;Live in New York City;19860210;FLAC 48kHz 24bit
John Lennon;Mind Games;19731102;FLAC 96kHz 24bit
John Lennon;Rock 'n' Roll;19750217;FLAC 96kHz 24bit
John Lennon;Walls & Bridges;19740926;FLAC 96kHz 24bit
John Lennon / Yoko Ono;Milk and Honey;19840127;FLAC 96kHz 24bit
John Lennon / Yoko Ono / Plastic Ono Band;Some Time in New York City;19720612;FLAC 96kHz 24bit
John Lennon/Plastic Ono Band;Plastic Ono Band;19701211;FLAC 96kHz 24bit
John Lennon/Yoko Ono;Double Fantasy;19801117;FLAC 96kHz 24bit
John Martyn;And.;19960729;FLAC 44.1kHz 16bit
John Martyn;Bless the Weather;19710000;FLAC 44.1kHz 16bit
John Martyn;Glasgow Walker;20000500;FLAC 44.1kHz 16bit
John Martyn;Grace & Danger;19801013;FLAC 44.1kHz 16bit
John Martyn;Heaven and Earth;20110503;FLAC 44.1kHz 16bit
John Martyn;Inside Out;19730000;FLAC 44.1kHz 16bit
John Martyn;On the Cobbles;20040615;FLAC 44.1kHz 16bit
John Martyn;One World;19770000;FLAC 44.1kHz 16bit
John Martyn;Piece by Piece;19860200;FLAC 44.1kHz 16bit
John Martyn;Sapphire;19841100;FLAC 44.1kHz 16bit
John Martyn;Solid Air;19730200;FLAC 44.1kHz 16bit
John Martyn;The Church with One Bell;19980500;FLAC 44.1kHz 16bit
John Surman;Adventure Playground;19920901;FLAC 44.1kHz 16bit
Joni Mitchell;Blue;19710622;FLAC 192kHz 24bit
Joni Mitchell;Both Sides Now;20000208;FLAC 96kHz 24bit
Joni Mitchell;Chalk Mark in a Rain Storm;19880300;FLAC 44.1kHz 16bit
Joni Mitchell;Clouds;19690500;FLAC 44.1kHz 16bit
Joni Mitchell;Court and Spark;19740100;FLAC 192kHz 24bit
Joni Mitchell;Dog Eat Dog;19851000;FLAC 44.1kHz 16bit
Joni Mitchell;Don Juan's Reckless Daughter;19771200;FLAC 192kHz 24bit
Joni Mitchell;For the Roses;19721100;FLAC 192kHz 24bit
Joni Mitchell;Hejira;19761122;FLAC 192kHz 24bit
Joni Mitchell;Joni Mitchell at Newport;20230728;FLAC 192kHz 24bit
Joni Mitchell;Joni's Jazz;20250905;FLAC 192kHz 24bit
Joni Mitchell;Ladies of the Canyon;19700302;FLAC 192kHz 24bit
Joni Mitchell;Mingus;19790613;FLAC 192kHz 24bit
Joni Mitchell;Night Ride Home;19910219;FLAC 44.1kHz 16bit
Joni Mitchell;Shadows and Light;19800900;FLAC 192kHz 24bit
Joni Mitchell;Shine;20070925;FLAC 44.1kHz 16bit
Joni Mitchell;Song to a Seagull;19680300;FLAC 44.1kHz 16bit
Joni Mitchell;Taming the Tiger;19980929;FLAC 44.1kHz 16bit
Joni Mitchell;The Hissing of Summer Lawns;19751100;FLAC 192kHz 24bit
Joni Mitchell;Travelogue;20021119;FLAC 44.1kHz 16bit
Joni Mitchell;Turbulent Indigo;19941025;FLAC 44.1kHz 16bit
Joni Mitchell;Wild Things Run Fast;19821001;FLAC 96kHz 24bit
Joni Mitchell and the L.A. Express;Miles of Aisles;19741100;FLAC 192kHz 24bit
Josee Koning;Doce Presença;20240412;FLAC 48kHz 24bit, FLAC 44.1kHz 24bit
Julian Lennon;Valotte;19841015;FLAC 44.1kHz 16bit
Kate Bush;50 Words for Snow;20111122;FLAC 44.1kHz 24bit
Kate Bush;Aerial;20050000;FLAC 44.1kHz 24bit
Kate Bush;Before the Dawn;20161125;FLAC 48kHz 24bit
Kate Bush;Director's Cut;20110516;FLAC 44.1kHz 24bit
Kate Bush;Hounds of Love;19850916;FLAC 44.1kHz 24bit
Kate Bush;Lionheart;19781113;FLAC 44.1kHz 24bit
Kate Bush;Never for Ever;19800908;FLAC 44.1kHz 24bit
Kate Bush;The Dreaming;19820913;FLAC 44.1kHz 24bit
Kate Bush;The Kick Inside;19780217;FLAC 44.1kHz 24bit
Kate Bush;The Red Shoes;19931102;FLAC 44.1kHz 24bit
Kate Bush;The Sensual World;19891000;FLAC 44.1kHz 24bit
King Crimson;B'Boom: Official Bootleg - Live in Argentina;19950822;FLAC 44.1kHz 24bit
King Crimson;Beat;19820618;FLAC 44.1kHz 24bit
King Crimson;Discipline;19810922;FLAC 44.1kHz 24bit
King Crimson;In the Court of the Crimson King;19691010;FLAC 96kHz 24bit
King Crimson;In the Wake of Poseidon;19700515;FLAC 44.1kHz 24bit
King Crimson;Islands;19711203;FLAC 44.1kHz 24bit
King Crimson;Larks' Tongues in Aspic;19730323;FLAC 96kHz 24bit
King Crimson;Lizard;19701211;FLAC 44.1kHz 24bit
King Crimson;Radical Action to Unseat the Hold of Monkey Mind;20160902;FLAC 44.1kHz 24bit
King Crimson;Red;19741006;FLAC 96kHz 24bit
King Crimson;Starless and Bible Black;19740300;FLAC 44.1kHz 24bit
King Crimson;The ConstruKction of Light;20000523;FLAC 44.1kHz 24bit
King Crimson;The Power to Believe;20030304;FLAC 44.1kHz 24bit
King Crimson;THRAK;19950400;FLAC 44.1kHz 24bit
King Crimson;Three of a Perfect Pair;19840700;FLAC 44.1kHz 24bit
King Crimson;VROOOM;19941031;FLAC 44.1kHz 24bit
kitti;Somethin' in the Water;20241115;FLAC 88.2kHz 24bit
Laurie Anderson;Amelia;20240830;FLAC 96kHz 24bit
Lee Ritenour;Color Rit;19890300;FLAC 44.1kHz 16bit
Lee Ritenour;Earth Run;19860400;FLAC 44.1kHz 16bit
Lee Ritenour;Festival;19880500;FLAC 44.1kHz 16bit
Lee Ritenour;Portrait;19870100;FLAC 44.1kHz 16bit
Lee Ritenour/Dave Grusin;Brasil;20240531;FLAC 48kHz 24bit
Lee Ritenour/Dave Grusin;Harlequin;19850102;FLAC 44.1kHz 16bit
Linda Hoover;I Mean to Shine;20220624;FLAC 44.1kHz 24bit
Little Acres;Wait;20250129;FLAC 44.1kHz 16bit
Lou Reed;Berlin;19730000;FLAC 96kHz 24bit
Lou Reed;Coney Island Baby;19760200;FLAC 96kHz 24bit
Lou Reed;Magic and Loss;19920114;FLAC 96kHz 24bit
Lou Reed;New York;19890000;FLAC 96kHz 24bit
Lou Reed;Transformer;19721108;FLAC 96kHz 24bit
Lou Reed & John Cale;Songs for Drella;19900411;FLAC 96kHz 24bit
Love and Money;Dogs in the Traffic;20050530;FLAC 44.1kHz 16bit
Love and Money;Strange Kind of Love;19880000;FLAC 48kHz 24bit
Lucio Battisti;Cosa succederà alla ragazza;19920921;FLAC 44.1kHz 24bit
Lucio Battisti;Don Giovanni;19860325;FLAC 44.1kHz 24bit
Lucio Battisti;E già;19820914;FLAC 48kHz 24bit
Lucio Battisti;Hegel;19940929;FLAC 44.1kHz 24bit
Lucio Battisti;L'apparenza;19880000;FLAC 44.1kHz 24bit
Lucio Battisti;La sposa occidentale;19901016;FLAC 44.1kHz 24bit
Lucio Battisti;Una giornata uggiosa;19800204;FLAC 192kHz 24bit
Lucio Corsi;Volevo essere un duro;20250321;FLAC 44.1kHz 24bit
Lucio Dalla;Cambio;19900911;FLAC 44.1kHz 16bit
Lucio Dalla;Come è profondo il mare;19770000;FLAC 192kHz 24bit
Lucio Dalla;Dalla;19800900;FLAC 44.1kHz 16bit
Lucio Dalla;Lucio Dalla;19790000;FLAC 44.1kHz 16bit
Lucio Dalla;Q Disc;19810600;FLAC 44.1kHz 16bit
Lucio Dalla;Viaggi organizzati;19840000;FLAC 44.1kHz 16bit
Lucio Dalla/Francesco De Gregori;Work in Progress;20101111;FLAC 48kHz 24bit
Maria Bethânia e Caetano Veloso;Ao Vivo;20250130;FLAC 48kHz 24bit
Marian McPartland/Steely Dan;Marian McPartland's Piano Jazz with Steely Dan;20050315;FLAC 44.1kHz 16bit
Martin Newell;The Greatest Living Englishman;19931100;FLAC 44.1kHz 16bit
Marvin Gaye;Dream of a Lifetime;19850500;FLAC 44.1kHz 16bit
Marvin Gaye;Here, My Dear;19781215;FLAC 96kHz 24bit
Marvin Gaye;I Want You;19760316;FLAC 96kHz 24bit
Marvin Gaye;In Our Lifetime?;19810115;FLAC 192kHz 24bit
Marvin Gaye;Let's Get It On;20101102;FLAC 96kHz 24bit
Marvin Gaye;Midnight Love;19821000;FLAC 44.1kHz 16bit
Marvin Gaye;Trouble Man/M.P.G.;19900000;FLAC 96kHz 24bit
Marvin Gaye;What's Going On;19710520;FLAC 192kHz 24bit
Massive Attack;100th Window;20030211;FLAC 44.1kHz 16bit
Massive Attack;Blue Lines;19910806;FLAC 96kHz 24bit
Massive Attack;Heligoland;20100209;FLAC 44.1kHz 16bit
Massive Attack;Mezzanine;19980427;FLAC 44.1kHz 16bit
Massive Attack;Protection;19940926;FLAC 44.1kHz 16bit
Mavis Staples;Sad and Beautiful World;20251107;FLAC 88.2kHz 24bit
Mercy Mwenje;Ndathima;20230000;FLAC 44.1kHz 24bit, FLAC 192kHz 24bit 8ch
Michael Franks;Abandoned Garden;19951000;FLAC 44.1kHz 16bit
Michael Franks;Barefoot on the Beach;19990601;FLAC 44.1kHz 16bit
Michael Franks;Blue Pacific;19900000;FLAC 44.1kHz 16bit
Michael Franks;Burchfield Nines;19780307;FLAC 44.1kHz 16bit
Michael Franks;Dragonfly Summer;19930000;FLAC 44.1kHz 16bit
Michael Franks;Objects of Desire;19820106;FLAC 44.1kHz 16bit
Michael Franks;One Bad Habit;19800000;FLAC 44.1kHz 16bit
Michael Franks;Passion Fruit;19830928;FLAC 44.1kHz 16bit
Michael Franks;Rendezvous in Rio;20060627;FLAC 44.1kHz 16bit
Michael Franks;Skin Dive;19850000;FLAC 44.1kHz 16bit
Michael Franks;Sleeping Gypsy;19770122;FLAC 44.1kHz 16bit
Michael Franks;The Art of Tea;19760000;FLAC 44.1kHz 16bit
Michael Franks;The Camera Never Lies;19870000;FLAC 44.1kHz 16bit
Michael Franks;The Music in My Head;20180608;FLAC 44.1kHz 16bit
Michael Franks;Tiger in the Rain;19790200;FLAC 44.1kHz 16bit
Michael Franks;Time Together;20110614;FLAC 44.1kHz 16bit
Michael Franks;Watching the Snow;20041026;FLAC 44.1kHz 16bit
Michael Jackson;Bad;19870901;FLAC 96kHz 24bit
Michael Jackson;Dangerous;19911119;FLAC 96kHz 24bit
Michael Jackson;HIStory: Past, Present and Future, Book I;19950620;FLAC 96kHz 24bit
Michael Jackson;Invincible;20011031;FLAC 96kHz 24bit
Michael Jackson;Off the Wall;19790810;FLAC 96kHz 24bit
Michael Jackson;Thriller;19821130;FLAC 96kHz 24bit, FLAC 44.1kHz 24bit
Mick Karn;Dreams of Reason Produce Monsters;19870228;FLAC 44.1kHz 16bit
Miles Davis;Amandla;19890518;FLAC 192kHz 24bit
Miles Davis;Ascenseur pour l'Échafaud [Original Motion Picture Soundtrack];19580000;FLAC 96kHz 24bit
Miles Davis;Bitches Brew;19700400;FLAC 96kHz 24bit
Miles Davis;Decoy;19840600;FLAC 44.1kHz 16bit
Miles Davis;Doo-Bop;19920630;FLAC 192kHz 24bit
Miles Davis;In a Silent Way;19690730;FLAC 176.4kHz 24bit
Miles Davis;Kind of Blue;19590817;FLAC 192kHz 24bit
Miles Davis;Miles Ahead;19571100;FLAC 44.1kHz 16bit
Miles Davis;Porgy and Bess;19590000;FLAC 44.1kHz 24bit
Miles Davis;Rubberband;20190906;FLAC 96kHz 24bit
Miles Davis;Sketches of Spain;19600700;FLAC 44.1kHz 16bit
Miles Davis;The Bootleg Series, Vol. 7: That's What Happened 1982-1985;20220916;FLAC 96kHz 24bit
Miles Davis;The Man with the Horn;19810700;FLAC 192kHz 24bit
Miles Davis;Tutu;19860900;FLAC 192kHz 24bit
Miles Davis;You're Under Arrest;19850900;FLAC 44.1kHz 16bit
Milton Nascimento;A Barca dos Amantes;19860407;FLAC 44.1kHz 16bit
Milton Nascimento;Angelus;19940000;FLAC 44.1kHz 16bit
Milton Nascimento;Miltons;19890000;FLAC 44.1kHz 16bit
Milton Nascimento;Minas;19750000;FLAC 44.1kHz 16bit
Milton Nascimento;Nascimento;19970610;FLAC 44.1kHz 16bit
Milton Nascimento;Travessia;19780000;FLAC 44.1kHz 16bit
Milton Nascimento;Txai;19900000;FLAC 44.1kHz 16bit
Milton Nascimento;Yauaretê;19870000;FLAC 44.1kHz 16bit
Milton Nascimento/Esperanza Spalding;Milton + Esperanza;20240809;FLAC 48kHz 24bit
Mina/Ivano Fossati;Mina Fossati;20191122;FLAC 44.1kHz 16bit
Morrissey;Vauxhall and I;19940322;FLAC 44.1kHz 16bit
Morrissey;Viva Hate;19880322;FLAC 44.1kHz 16bit
Morrissey;Your Arsenal;19920728;FLAC 44.1kHz 16bit
Napoli Centrale;Napoli Centrale;19750720;FLAC 44.1kHz 16bit
Neil Young;Mirror Ball;19950627;FLAC 44.1kHz 16bit
Niccolò Fabi;Ecco;20121009;FLAC 48kHz 24bit
Niccolò Fabi;Il giardiniere;19970000;FLAC 44.1kHz 16bit
Niccolò Fabi;La cura del tempo;20030000;FLAC 44.1kHz 16bit
Niccolò Fabi;Libertà negli occhi;20250516;FLAC 44.1kHz 24bit
Niccolò Fabi;Niccolò Fabi;19980000;FLAC 44.1kHz 16bit
Niccolò Fabi;Novo Mesto;20060000;FLAC 44.1kHz 16bit
Niccolò Fabi;Sereno ad ovest;20000620;FLAC 44.1kHz 16bit
Niccolò Fabi;Solo un uomo;20090529;FLAC 48kHz 24bit
Niccolò Fabi;Tradizione e tradimento;20191018;FLAC 44.1kHz 16bit
Niccolò Fabi;Una somma di piccole cose;20160408;FLAC 44.1kHz 16bit
Nick Cave & the Bad Seeds;Wild God;20240830;FLAC 96kHz 24bit
Nick Drake;Bryter Layter;19701101;FLAC 96kHz 24bit
Nick Drake;Five Leaves Left;19690901;FLAC 96kHz 24bit
Nick Drake;Pink Moon;19720225;FLAC 96kHz 24bit
Nick Mason;Nick Mason's Fictitious Sports;19810000;FLAC 192kHz 24bit
Nicola Alesini & Pier Luigi Andreoni;Marco Polo;19960322;FLAC 44.1kHz 16bit
Nicola Conte;Umoja;20230630;FLAC 48kHz 24bit
Nine Horses;Money for All;20070116;FLAC 44.1kHz 16bit
Nine Horses;Snow Borne Sorrow;20051011;FLAC 44.1kHz 16bit
Omar;Brighter the Days;20250606;FLAC 44.1kHz 24bit
Omar;For Pleasure;19940721;FLAC 44.1kHz 16bit
Omar;Love in Beats;20170127;FLAC 44.1kHz 16bit
Omar;Sing (If You Want It);20060425;FLAC 44.1kHz 16bit
Omar;The Man;20130624;FLAC 44.1kHz 16bit
Omar;There's Nothing Like This;19900000;FLAC 44.1kHz 16bit
Omar;This Is Not a Love Song;19970804;FLAC 44.1kHz 16bit
OndaRock;Blah Blah Blah;20210000;MP3 44.1kHz
OndaRock;Rock In Onda;20210000;MP3 44.1kHz
Paddy McAloon;I Trawl the Megahertz;20030527;FLAC 44.1kHz 24bit
Paolo Conte;Aguaplano;19871006;FLAC 44.1kHz 16bit
Paolo Conte;Alle prese con una verde milonga;19810505;FLAC 44.1kHz 16bit
Paolo Conte;Amazing Game;20160925;FLAC 96kHz 24bit
Paolo Conte;Appunti di Viaggio;19820720;FLAC 44.1kHz 16bit
Paolo Conte;Concerti;19850000;FLAC 44.1kHz 16bit, FLAC 96kHz 24bit
Paolo Conte;Elegia;20041105;FLAC 44.1kHz 16bit
Paolo Conte;Paolo Conte;19841023;FLAC 44.1kHz 16bit
Paolo Conte;Paolo Conte alla Scala - Il Maestro è nell'anima (Live);20240508;FLAC 44.1kHz 24bit
Paolo Conte;Paolo Conte Original;20251105;FLAC 44.1kHz 16bit
Paolo Conte;Parole d'Amore Scritte a Macchina;19900000;FLAC 44.1kHz 16bit
Paolo Conte;Snob;20141013;FLAC 44.1kHz 16bit
Paolo Conte;Un gelato al limon;19790803;FLAC 44.1kHz 16bit
Pat Metheny;Bright Size Life;19760000;FLAC 96kHz 24bit
Pat Metheny;Dream Box;20230616;FLAC 96kHz 24bit
Pat Metheny;MoonDial;20240726;FLAC 96kHz 24bit
Pat Metheny;Secret Story;19920700;FLAC 44.1kHz 16bit
Pat Metheny;Side-Eye III+;20260227;FLAC 96kHz 24bit
Pat Metheny &  Lyle Mays;As Falls Wichita, So Falls Wichita Falls;19810000;FLAC 96kHz 24bit
Pat Metheny Group;Letter from Home;19890300;FLAC 44.1kHz 24bit
Pat Metheny Group;Speaking of Now;20020212;FLAC 44.1kHz 16bit
Pat Metheny Group;Still Life (Talking);19870000;FLAC 44.1kHz 16bit
Pat Metheny Group;Travels;19830000;FLAC 96kHz 24bit
Pat Metheny Group;We Live Here;19940000;FLAC 44.1kHz 16bit
Pat Metheny with Dave Holland and Roy Haynes;Question and Answer;19891221;FLAC 44.1kHz 16bit
Patti Smith;Horses (50th Anniversary) (2025);19751110;FLAC 96kHz 24bit
Paul Buchanan;Mid Air;20120521;FLAC 44.1kHz 16bit
Paul McCartney;Flowers in the Dirt;19890605;FLAC 96kHz 24bit
Paul McCartney;McCartney;19700420;FLAC 96kHz 24bit
Paul McCartney;McCartney II;19800521;FLAC 96kHz 24bit
Paul McCartney;McCartney III;20201218;FLAC 96kHz 24bit
Paul McCartney;The Boys of Dungeon Lane;20260529;FLAC 96kHz 24bit
Paul McCartney;Tripping the Live Fantastic;19901105;FLAC 44.1kHz 16bit
Paul Simon;Graceland;19860825;FLAC 96kHz 24bit
Paul Simon;Hearts and Bones;19831000;FLAC 96kHz 24bit
Paul Simon;In the Blue Light;20180907;FLAC 96kHz 24bit
Paul Simon;Live in New York City;20120918;FLAC 44.1kHz 16bit
Paul Simon;One-Trick Pony;19800800;FLAC 96kHz 24bit
Paul Simon;Paul Simon;19720124;FLAC 96kHz 24bit
Paul Simon;Paul Simon's Concert in the Park;19911105;FLAC 44.1kHz 16bit
Paul Simon;Seven Psalms;20230519;FLAC 44.1kHz 16bit
Paul Simon;So Beautiful or So What;20110408;FLAC 96kHz 24bit
Paul Simon;Songs from The Capeman;19971118;FLAC 96kHz 24bit
Paul Simon;Still Crazy After All These Years;19751000;FLAC 96kHz 24bit
Paul Simon;Stranger to Stranger;20160603;FLAC 96kHz 24bit
Paul Simon;Surprise;20060509;FLAC 44.1kHz 24bit
Paul Simon;The Rhythm of the Saints;19901016;FLAC 96kHz 24bit
Paul Simon;There Goes Rhymin' Simon;19730522;FLAC 96kHz 24bit
Paul Simon;You're the One;20001003;FLAC 96kHz 24bit
Paul Weller;22 Dreams;20080602;FLAC 44.1kHz 16bit
Paul Weller;66;20240524;FLAC 44.1kHz 24bit
Paul Weller;A Kind Revolution;20170512;FLAC 44.1kHz 24bit
Paul Weller;As Is Now;20051011;FLAC 44.1kHz 16bit
Paul Weller;Fat Pop (Volume 1);20210514;FLAC 44.1kHz 24bit
Paul Weller;Find El Dorado;20250725;FLAC 44.1kHz 24bit
Paul Weller;Heavy Soul;19970805;FLAC 44.1kHz 16bit
Paul Weller;Heliocentric;20000509;FLAC 44.1kHz 16bit
Paul Weller;Illumination;20020916;FLAC 44.1kHz 16bit
Paul Weller;Live Wood;19940909;FLAC 44.1kHz 16bit
Paul Weller;On Sunset;20200703;FLAC 44.1kHz 24bit
Paul Weller;Paul Weller;19921006;FLAC 44.1kHz 16bit
Paul Weller;Saturns Pattern;20150518;FLAC 44.1kHz 24bit
Paul Weller;Sonik Kicks;20120319;FLAC 44.1kHz 16bit
Paul Weller;Stanley Road;19950607;FLAC 44.1kHz 16bit
Paul Weller;Studio 150;20040914;FLAC 44.1kHz 16bit
Paul Weller;Supplement: 66;20241018;FLAC 44.1kHz 24bit
Paul Weller;True Meanings;20180914;FLAC 44.1kHz 24bit
Paul Weller;Wake Up the Nation;20100419;FLAC 44.1kHz 16bit
Paul Weller;Wild Wood;19930906;FLAC 44.1kHz 16bit
Pearl Jam;Binaural;20000516;FLAC 192kHz 24bit
Pearl Jam;No Code;19960827;FLAC 192kHz 24bit
Pearl Jam;Pearl Jam;20060502;FLAC 192kHz 24bit
Pearl Jam;Riot Act;20021112;FLAC 192kHz 24bit
Pearl Jam;Ten;19910827;FLAC 44.1kHz 24bit
Pearl Jam;Vitalogy;19941122;FLAC 96kHz 24bit
Pearl Jam;Vs.;19931019;FLAC 96kHz 24bit
Pearl Jam;Yield;19980203;FLAC 192kHz 24bit
Penguin Cafe;Rain Before Seven...;20230707;FLAC 96kHz 24bit
Penguin Café;A Matter of Life...;20110510;FLAC 44.1kHz 24bit
Penguin Cafe Orchestra;Broadcasting from Home;19840000;FLAC 44.1kHz 16bit
Penguin Cafe Orchestra;Music From the Penguin Cafe;19760000;FLAC 44.1kHz 16bit
Penguin Cafe Orchestra;Penguin Cafe Orchestra;19810000;FLAC 44.1kHz 16bit
Penguin Cafe Orchestra;Union Cafe;19930101;FLAC 44.1kHz 16bit
Pete Christlieb/Warne Marsh;Apogee;19780000;FLAC 44.1kHz 16bit
Peter Gabriel;Birdy;19850318;FLAC 44.1kHz 24bit
Peter Gabriel;Flotsam and Jetsam;20190913;FLAC 48kHz 24bit
Peter Gabriel;Growing Up Live;20190000;FLAC 48kHz 24bit
Peter Gabriel;i/o;20231201;FLAC 96kHz 24bit
Peter Gabriel;In the Big Room;20250627;FLAC 96kHz 24bit
Peter Gabriel;Live at WOMAD 1982;20250808;FLAC 96kHz 24bit
Peter Gabriel;Live in Athens 1987;20201016;FLAC 48kHz 24bit
Peter Gabriel;Long Walk Home: Music from the Rabbit-Proof Fence;20020416;FLAC 44.1kHz 24bit
Peter Gabriel;New Blood;20111010;FLAC 48kHz 24bit
Peter Gabriel;OVO;20000808;AIFF 44.1kHz 24bit
Peter Gabriel;Passion: Music for The Last Temptation of Christ;19890605;FLAC 96kHz 24bit
Peter Gabriel;Peter Gabriel [1];19770225;FLAC 96kHz 24bit
Peter Gabriel;Peter Gabriel [2];19780602;FLAC 96kHz 24bit
Peter Gabriel;Peter Gabriel [3];19800523;FLAC 96kHz 24bit
Peter Gabriel;Plays Live;19830606;FLAC 96kHz 24bit
Peter Gabriel;Rated PG;20190413;FLAC 96kHz 24bit
Peter Gabriel;Scratch My Back;20100302;FLAC 48kHz 24bit
Peter Gabriel;Secret World Live;19940913;FLAC 44.1kHz 24bit
Peter Gabriel;Security;19820910;FLAC 96kHz 24bit
Peter Gabriel;So;19860519;FLAC 96kHz 24bit
Peter Gabriel;The Barry Williams Show [Single];20020700;FLAC 44.1kHz 24bit
Peter Gabriel;Up;20020924;FLAC 44.1kHz 24bit
Peter Gabriel;Us;19920929;FLAC 96kHz 24bit
Peter Hammill;Fireships;19920300;FLAC 44.1kHz 16bit
Peter Hammill;In Translation;20210507;FLAC 44.1kHz 16bit
Phil Collins;No Jacket Required;19850125;FLAC 44.1kHz 16bit
Pink Floyd;A Momentary Lapse of Reason;19870908;FLAC 96kHz 24bit
Pink Floyd;Animals;19770123;FLAC 192kHz 24bit
Pink Floyd;Delicate Sound of Thunder;19881122;FLAC 44.1kHz 16bit
Pink Floyd;Live at Knebworth 1990;20210430;FLAC 44.1kHz 24bit
Pink Floyd;The Dark Side of the Moon;19730301;FLAC 192kHz 24bit
Pink Floyd;The Division Bell;19940330;FLAC 192kHz 24bit
Pink Floyd;The Endless River;20141110;FLAC 96kHz 24bit
Pink Floyd;The Final Cut;19830321;FLAC 192kHz 24bit
Pink Floyd;The Wall;19791130;FLAC 96kHz 24bit
Pink Floyd;Wish You Were Here 50 (2025);19750915;FLAC 96kHz 24bit
Pino Daniele;Bella 'Mbriana;19820000;FLAC 96kHz 24bit
Pino Daniele;Bonne Soirée;19870000;FLAC 44.1kHz 16bit
Pino Daniele;Che Dio ti benedica;19930608;FLAC 44.1kHz 16bit
Pino Daniele;Come un gelato all'equatore;19990000;FLAC 44.1kHz 16bit
Pino Daniele;Dimmi cosa succede sulla terra;19970000;FLAC 44.1kHz 16bit
Pino Daniele;E sona mo';19940207;FLAC 96kHz 24bit
Pino Daniele;Electric Jam;20090331;FLAC 44.1kHz 16bit
Pino Daniele;Ferryboat;19850000;FLAC 44.1kHz 16bit
Pino Daniele;Iguana Cafè (Latin Blues e Melodie);20050524;FLAC 44.1kHz 16bit
Pino Daniele;Il mio nome è Pino Daniele e vivo qui;20070306;FLAC 44.1kHz 16bit
Pino Daniele;La grande madre;20120320;FLAC 192kHz 24bit
Pino Daniele;Live @ RTSI, 26 Marzo 1983;20010612;FLAC 44.1kHz 16bit
Pino Daniele;Mascalzone Latino;19891110;FLAC 96kHz 24bit
Pino Daniele;Medina;20010206;FLAC 44.1kHz 16bit
Pino Daniele;Musicante;19840000;FLAC 96kHz 24bit
Pino Daniele;Nero a metà;19800321;FLAC 44.1kHz 16bit
Pino Daniele;Nero a Metà Live - Il Concerto - Milano, 22 dicembre 2014;20150609;FLAC 44.1kHz 16bit
Pino Daniele;Non calpestare i fiori nel deserto;19950522;FLAC 96kHz 24bit
Pino Daniele;Pino Daniele;19790507;FLAC 44.1kHz 16bit
Pino Daniele;Quando;19910000;FLAC 96kHz 24bit
Pino Daniele;Schizzechea with Love;19880000;FLAC 96kHz 24bit
Pino Daniele;Sciò;19840418;FLAC 44.1kHz 16bit
Pino Daniele;Sciò Live;19840000;FLAC 44.1kHz 16bit, FLAC 44.1kHz 24bit
Pino Daniele;Sotto 'o sole;19911214;FLAC 96kHz 24bit
Pino Daniele;Terra Mia;19770000;FLAC 44.1kHz 16bit
Pino Daniele;Un uomo in blues;19910111;FLAC 96kHz 24bit
Pino Daniele;Vai mo';19810604;FLAC 96kHz 24bit
Pino Daniele;Le vie del Signore sono finite (OST);19880000;FLAC 48kHz 24bit
Pino Daniele Project;Passi d'autore;20040518;FLAC 44.1kHz 16bit
Pockets;Come Go with Us;19770201;FLAC 44.1kHz 16bit
Prefab Sprout;Andromeda Heights;19970000;FLAC 44.1kHz 24bit
Prefab Sprout;Crimson/Red;20131007;FLAC 44.1kHz 16bit
Prefab Sprout;From Langley Park to Memphis;19880314;FLAC 44.1kHz 24bit
Prefab Sprout;Jordan: The Comeback;19900828;FLAC 44.1kHz 24bit
Prefab Sprout;Let's Change the World with Music;20090915;FLAC 44.1kHz 24bit
Prefab Sprout;Protest Songs;19890619;FLAC 44.1kHz 24bit
Prefab Sprout;Steve McQueen;19850621;FLAC 44.1kHz 24bit
Prefab Sprout;Steve McQueen Acoustic;20190413;FLAC 44.1kHz 16bit
Prefab Sprout;Swoon;19840312;FLAC 44.1kHz 24bit
Prefab Sprout;The Gunman and Other Stories;20010000;FLAC 44.1kHz 16bit
Prince;1999;19821027;FLAC 44.1kHz 24bit
Prince;Batman;19890600;FLAC 44.1kHz 16bit
Prince;Controversy;19811100;FLAC 96kHz 24bit
Prince;Dirty Mind;19801008;FLAC 96kHz 24bit
Prince;For You;19781000;FLAC 96kHz 24bit
Prince;Graffiti Bridge;19900821;FLAC 44.1kHz 16bit
Prince;Lovesexy;19880510;FLAC 44.1kHz 16bit
Prince;Prince;19791000;FLAC 192kHz 24bit
Prince;Sign 'O' the Times;19870331;FLAC 44.1kHz 16bit
Prince;The Black Album;19941122;FLAC 44.1kHz 24bit
Prince & the New Power Generation;Diamonds and Pearls;19911001;FLAC 44.1kHz 24bit
Prince and the Revolution;Around the World in a Day (Deluxe Edition) (2025 Remaster);19850422;FLAC 44.1kHz 24bit
Prince and the Revolution;Live;20220515;FLAC 44.1kHz 24bit
Prince and the Revolution;Parade [Music From the Motion Picture Under the Cherry Moon];19860519;FLAC 44.1kHz 16bit
Prince and the Revolution;Purple Rain;19840625;FLAC 96kHz 24bit
Pulp;Different Class;19951030;FLAC 44.1kHz 16bit
Pulp;Freaks;19870511;FLAC 44.1kHz 16bit
Pulp;His 'n' Hers ;19940418;FLAC 44.1kHz 16bit
Pulp;It;19830418;FLAC 44.1kHz 16bit
Pulp;More.;20250606;FLAC 44.1kHz 24bit
Pulp;Separations;19920619;FLAC 44.1kHz 16bit
Pulp;This Is Hardcore;19980330;FLAC 44.1kHz 16bit
Pulp;We Love Life;20011022;FLAC 44.1kHz 16bit
Quincy Jones;Back on the Block;19891121;FLAC 44.1kHz 16bit
Quincy Jones;The Dude;19810328;FLAC 44.1kHz 16bit
R.E.M.;Accelerate;20080401;FLAC 44.1kHz 24bit
R.E.M.;Around the Sun;20041005;FLAC 44.1kHz 24bit
R.E.M.;Automatic for the People;19921006;FLAC 48kHz 24bit
R.E.M.;Collapse into Now;20110308;FLAC 44.1kHz 16bit
R.E.M.;Document;19870000;FLAC 192kHz 24bit
R.E.M.;Fables of the Reconstruction;19850610;FLAC 192kHz 24bit
R.E.M.;Green;19880000;FLAC 192kHz 24bit
R.E.M.;Lifes Rich Pageant;19860000;FLAC 192kHz 24bit
R.E.M.;Monster;19940927;FLAC 88.2kHz 24bit
R.E.M.;Murmur;19830412;FLAC 192kHz 24bit
R.E.M.;New Adventures in Hi-Fi;19960909;FLAC 192kHz 24bit
R.E.M.;Out of Time;19910312;FLAC 88.2kHz 24bit
R.E.M.;Reckoning;19840419;FLAC 192kHz 24bit
R.E.M.;Reveal;20010515;FLAC 96kHz 24bit
R.E.M.;Up;19981027;FLAC 48kHz 24bit
Rain Tree Crow;Rain Tree Crow;19910000;FLAC 44.1kHz 16bit
Rickie Lee Jones;Flying Cowboys;19890926;FLAC 44.1kHz 16bit
Rickie Lee Jones;Girl at Her Volcano;19830000;FLAC 44.1kHz 16bit
Rickie Lee Jones;Pieces of Treasure;20230428;FLAC 96kHz 24bit, FLAC 44.1kHz 24bit
Rickie Lee Jones;Pirates;19810700;FLAC 44.1kHz 16bit
Rickie Lee Jones;Pop Pop;19910800;FLAC 44.1kHz 16bit
Rickie Lee Jones;Rickie Lee Jones;19790228;FLAC 44.1kHz 16bit
Rickie Lee Jones;The Magazine;19840900;FLAC 44.1kHz 16bit
Rickie Lee Jones;Traffic from Paradise;19930914;FLAC 44.1kHz 16bit
Ricky Ross;Short Stories Vol. 1;20170915;FLAC 44.1kHz 24bit
Ricky Ross;Short Stories Vol. 2;20220819;FLAC 48kHz 24bit
Rob Wasserman;Duets;19880000;FLAC 44.1kHz 16bit
Rob Wasserman;Trios;19940303;FLAC 44.1kHz 16bit
Robbie Robertson;Contact from the Underworld of Red Boy;19980310;FLAC 44.1kHz 16bit
Robbie Robertson;How to Become Clairvoyant;20110405;FLAC 44.1kHz 16bit
Robbie Robertson;Robbie Robertson;19871027;FLAC 44.1kHz 16bit
Robbie Robertson;Sinematic;20190920;FLAC 88.2kHz 24bit
Robbie Robertson;Storyville;19910900;FLAC 44.1kHz 16bit
Robbie Robertson & the Red Road Ensemble;Music for The Native Americans;19941004;FLAC 44.1kHz 16bit
Robert Fripp;Exposure;19790000;FLAC 44.1kHz 16bit
Robert Wyatt;Comicopera;20071008;FLAC 44.1kHz 16bit
Robert Wyatt;Cuckooland;20030000;FLAC 44.1kHz 16bit
Robert Wyatt;Dondestan (Revisited);19980000;FLAC 44.1kHz 16bit
Robert Wyatt;Nothing Can Stop Us;19820000;FLAC 44.1kHz 16bit
Robert Wyatt;Old Rottenhat;19850000;FLAC 44.1kHz 16bit
Robert Wyatt;Rock Bottom;19740000;FLAC 44.1kHz 16bit
Robert Wyatt;Ruth Is Stranger Than Richard;19750000;FLAC 44.1kHz 16bit
Robert Wyatt;Shleep;19970000;FLAC 44.1kHz 16bit
Robert Wyatt;The End of an Ear;19710000;FLAC 44.1kHz 16bit
Roddy Frame;Seven Dials;20140506;FLAC 44.1kHz 24bit
Rosie Vela;Zazu;19861100;FLAC 44.1kHz 16bit
Roxy Music;Avalon;19820000;FLAC 44.1kHz 16bit
Roxy Music;Flesh + Blood;19800523;FLAC 44.1kHz 16bit
Ryuichi Sakamoto;Beauty;19891121;FLAC 44.1kHz 16bit
Ryuichi Sakamoto;Heartbeat;19911021;FLAC 44.1kHz 16bit
Ryuichi Sakamoto;Smoochy;19951020;FLAC 44.1kHz 16bit
Ryuichi Sakamoto;Sweet Revenge;19940617;FLAC 44.1kHz 16bit
Sade;Diamond Life;19840716;FLAC 44.1kHz 16bit
Sade;Love Deluxe;19921020;FLAC 44.1kHz 16bit
Sade;Lovers Rock;20001114;FLAC 44.1kHz 16bit
Sade;Promise;19851104;FLAC 44.1kHz 16bit
Sade;Soldier of Love;20100209;FLAC 44.1kHz 16bit
Sade;Stronger Than Pride;19880405;FLAC 44.1kHz 16bit
Samuele Bersani;Cinema Samuele;20201002;FLAC 44.1kHz 24bit
Samuele Bersani;Manifesto Abusivo Special Edition;20091001;FLAC 44.1kHz 16bit
Samuele Bersani;Nuvola Numero Nove;20130917;FLAC 44.1kHz 16bit
Samuele Bersani;Samuele Bersani & Orchestra [Live];20250321;FLAC 44.1kHz 16bit
Samuele Bersani;L'oroscopo speciale;20000711;FLAC 44.1kHz 16bit
Santana;Amigos;19760300;FLAC 96kHz 24bit
Sarah Vaughan with M. Nascimento;Brazilian Romance;19870000;FLAC 44.1kHz 16bit
Scritti Politti;Cupid & Psyche 85;19850610;FLAC 44.1kHz 16bit
Scritti Politti;Provision;19880606;FLAC 44.1kHz 16bit
Scritti Politti;Songs to Remember (2026 Remaster);19820903;FLAC 44.1kHz 16bit
Simple Minds;Sparkle in the Rain;19840206;FLAC 44.1kHz 16bit
Simply Red;Men and Women;19870000;FLAC 44.1kHz 16bit
Simply Red;Picture Book;19850000;FLAC 44.1kHz 16bit
Simply Red;Picture Book B-Sides & Rarities;20201113;FLAC 192kHz 24bit
Sounds of Blackness;Africa to America: The Journey of the Drum;19940419;FLAC 44.1kHz 16bit
Sounds of Blackness;The Evolution of Gospel;19910507;FLAC 44.1kHz 16bit
Sproutless;Insights From Retrospect;20131210;MP3 44.1kHz
Sproutless;Moveable Feast;20130000;MP3 44.1kHz
Steely Dan;Aja;19770923;FLAC 192kHz 24bit
Steely Dan;Alive in America;19951017;FLAC 44.1kHz 16bit
Steely Dan;Can't Buy a Thrill;19721100;FLAC 192kHz 24bit
Steely Dan;Countdown to Ecstasy;19730700;FLAC 192kHz 24bit
Steely Dan;Everything Must Go;20030610;FLAC 44.1kHz 16bit
Steely Dan;Gaucho;19801121;FLAC 192kHz 24bit
Steely Dan;Gold;19820000;FLAC 44.1kHz 16bit
Steely Dan;Katy Lied;19750301;FLAC 192kHz 24bit
Steely Dan;Northeast Corridor: Steely Dan Live!;20210924;FLAC 96kHz 24bit
Steely Dan;Pretzel Logic;19740220;FLAC 192kHz 24bit
Steely Dan;The Lost Gaucho;20220610;FLAC 44.1kHz 16bit
Steely Dan;The Royal Scam;19760531;FLAC 192kHz 24bit
Steely Dan;Two Against Nature;20000229;FLAC 96kHz 24bit
Stephan Mathieu & David Sylvian;Wandermüde;20121210;FLAC 44.1kHz 16bit
Steve Conte;The Concrete Jangle;20240419;FLAC 44.1kHz 16bit
Steve Miller;Born 2 B Blue;19880927;FLAC 44.1kHz 16bit
Stevie Wonder;A Time to Love;20051018;FLAC 44.1kHz 16bit
Stevie Wonder;Characters;19871106;FLAC 44.1kHz 16bit
Stevie Wonder;Conversation Peace;19950321;FLAC 44.1kHz 16bit
Stevie Wonder;Hotter than July;19800929;FLAC 96kHz 24bit
Stevie Wonder;In Square Circle;19850913;FLAC 192kHz 24bit
Stevie Wonder;Innervisions;19730803;FLAC 96kHz 24bit
Stevie Wonder;Journey Through The Secret Life of Plants;19791030;FLAC 96kHz 24bit
Stevie Wonder;Jungle Fever;19910522;FLAC 44.1kHz 16bit
Stevie Wonder;Music of My Mind;19720303;FLAC 192kHz 24bit
Stevie Wonder;Songs in the Key of Life;19760928;FLAC 192kHz 24bit
Stevie Wonder;Talking Book;19721027;FLAC 192kHz 24bit
Stevie Wonder;The Woman in Red [Original Soundtrack];19840828;FLAC 192kHz 24bit
Sting;... Nothing Like the Sun;19870000;FLAC 44.1kHz 16bit
Sting;Brand New Day;19990928;FLAC 44.1kHz 16bit
Sting;Bring on the Night;19860000;FLAC 44.1kHz 16bit
Sting;Mercury Falling;19960312;FLAC 192kHz 24bit
Sting;Ten Summoner's Tales;19930309;FLAC 44.1kHz 16bit
Sting;The Dream of the Blue Turtles;19850000;FLAC 44.1kHz 16bit
Sting;The Last Ship;20130923;FLAC 96kHz 24bit
Sting;The Soul Cages;19910117;FLAC 44.1kHz 16bit
Suzanne Vega;99.9 F°;19920908;FLAC 44.1kHz 16bit
Suzanne Vega;An Evening of New York Songs and Stories;20200911;FLAC 44.1kHz 24bit
Suzanne Vega;Beauty & Crime;20070717;FLAC 44.1kHz 16bit
Suzanne Vega;Days of Open Hand;19900400;FLAC 44.1kHz 16bit
Suzanne Vega;Flying with Angels;20250502;FLAC 48kHz 24bit
Suzanne Vega;Lover, Beloved: Songs from an Evening with Carson McCullers;20161014;FLAC 44.1kHz 24bit
Suzanne Vega;Nine Objects of Desire;19960910;FLAC 44.1kHz 16bit
Suzanne Vega;Solitude Standing;19870400;FLAC 96kHz 24bit
Suzanne Vega;Songs in Red and Gray;20010925;FLAC 44.1kHz 16bit
Suzanne Vega;Suzanne Vega;19850501;FLAC 44.1kHz 16bit
Suzanne Vega;Tales from the Realm of the Queen of Pentacles;20140218;FLAC 44.1kHz 24bit
Sylvian/Fripp;Damage;20020618;FLAC 44.1kHz 16bit
Talking Heads;Fear of Music;19790803;FLAC 44.1kHz 16bit
Talking Heads;Little Creatures;19850610;FLAC 44.1kHz 16bit
Talking Heads;More Songs About Buildings and Food;19780714;FLAC 192kHz 24bit
Talking Heads;Naked;19880315;FLAC 44.1kHz 16bit
Talking Heads;Remain in Light;19801008;FLAC 96kHz 24bit
Talking Heads;Speaking in Tongues;19830601;FLAC 96kHz 24bit
Talking Heads;Stop Making Sense [Video];19990910;FLAC 44.1kHz 24bit
Talking Heads;Talking Heads: 77;19770916;FLAC 96kHz 24bit, FLAC 48kHz 24bit
Talking Heads;True Stories;19860000;FLAC 44.1kHz 16bit
Tears for Fears;Elemental;19930622;FLAC 44.1kHz 16bit
Tears for Fears;Everybody Loves a Happy Ending;20040914;FLAC 44.1kHz 16bit
Tears for Fears;Raoul and the Kings of Spain;19951006;FLAC 44.1kHz 16bit
Tears for Fears;Saturnine Martial & Lunatic;19960800;FLAC 44.1kHz 16bit
Tears for Fears;Songs for a Nervous Planet;20241025;FLAC 44.1kHz 24bit
Tears for Fears;Songs From the Big Chair;19850217;FLAC 96kHz 24bit
Tears for Fears;The Hurting;19830325;FLAC 44.1kHz 16bit
Tears for Fears;The Seeds of Love;19890927;FLAC 44.1kHz 16bit
Tears for Fears;The Tipping Point;20220225;FLAC 44.1kHz 24bit
The Beach Boys;Pet Sounds;19660516;FLAC 192kHz 24bit
The Beatles;A Hard Day's Night [Original Motion Picture Soundtrack];19640710;FLAC 44.1kHz 16bit
The Beatles;Abbey Road;19690926;FLAC 96kHz 24bit
The Beatles;Beatles for Sale;19641204;FLAC 44.1kHz 16bit
The Beatles;Help!;19650806;FLAC 44.1kHz 16bit
The Beatles;Let It Be;19700508;FLAC 96kHz 24bit
The Beatles;Magical Mystery Tour;19671127;FLAC 44.1kHz 16bit
The Beatles;Now and Then;20231103;FLAC 96kHz 24bit
The Beatles;Please Please Me;19630322;FLAC 44.1kHz 16bit
The Beatles;Revolver;19660805;FLAC 96kHz 24bit
The Beatles;Rubber Soul;19651203;FLAC 44.1kHz 16bit
The Beatles;Sgt. Pepper's Lonely Hearts Club Band;19670526;FLAC 96kHz 24bit
The Beatles;The Beatles [White Album];19681122;FLAC 96kHz 24bit
The Beatles;With the Beatles;19631122;FLAC 44.1kHz 16bit
The Beatles;Yellow Submarine;19690113;FLAC 44.1kHz 16bit
The Blue Nile;A Walk Across the Rooftops;19840430;FLAC 44.1kHz 16bit
The Blue Nile;Hats;19891016;FLAC 44.1kHz 16bit
The Blue Nile;High;20040831;FLAC 44.1kHz 16bit
The Blue Nile;Peace at Last;19960610;FLAC 44.1kHz 16bit
The Clash;Combat Rock;19820514;FLAC 96kHz 24bit
The Clash;Cut the Crap;19850000;FLAC 44.1kHz 16bit
The Clash;Give 'Em Enough Rope;19781110;FLAC 96kHz 24bit
The Clash;London Calling;19791214;FLAC 96kHz 24bit
The Clash;Sandinista!;19801212;FLAC 96kHz 24bit
The Clash;The Clash;19770000;FLAC 96kHz 24bit
The Cowboy Mouth;Faultlines;20250328;FLAC 96kHz 24bit
The Divine Comedy;Rainy Sunday Afternoon;20250919;FLAC 48kHz 24bit
The Dolphin Brothers;Catch the Fall;19870713;FLAC 44.1kHz 16bit
The Doobie Brothers;Walk This Road;20250606;FLAC 96kHz 24bit
The Dream Academy;A Different Kind of Weather;19900000;FLAC 44.1kHz 16bit
The Dukes of Stratosphear;Chips from the Chocolate Fireball;19870000;FLAC 44.1kHz 16bit
The Manhattan Transfer;Bodies and Souls;19830000;FLAC 44.1kHz 16bit
The Manhattan Transfer;Brasil;19870000;FLAC 44.1kHz 16bit
The Manhattan Transfer;Extensions;19790000;FLAC 44.1kHz 16bit
The Manhattan Transfer;Mecca for Moderns;19810000;FLAC 44.1kHz 16bit
The Manhattan Transfer;The Junction;20180330;FLAC 48kHz 24bit
The Manhattan Transfer;The Offbeat of Avenues;19910000;FLAC 44.1kHz 16bit
The Manhattan Transfer;Vocalese;19850701;FLAC 44.1kHz 16bit
The Manhattan Transfer with the WDR Funkhausorchester;Fifty;20221021;FLAC 48kHz 24bit
The New York Rock and Soul Revue;Live at the Beacon;19910900;FLAC 44.1kHz 16bit
The Penguin Cafe Orchestra;Signs of Life;19870300;FLAC 44.1kHz 16bit
The Penguin Cafe Orchestra;When in Rome...;19880000;FLAC 44.1kHz 16bit
The Police;Ghost in the Machine;19811002;FLAC 44.1kHz 16bit
The Police;Outlandos d'Amour;19781102;FLAC 44.1kHz 16bit
The Police;Reggatta de Blanc;19791002;FLAC 44.1kHz 16bit
The Police;Synchronicity;19830617;FLAC 44.1kHz 16bit
The Police;Zenyattà Mondatta;19801003;FLAC 44.1kHz 16bit
The Robert Fripp String Quintet;Kan-non Power;19930900;FLAC 44.1kHz 24bit
The Rolling Stones;Beggars Banquet;19681206;FLAC 192kHz 24bit
The Rolling Stones;Exile on Main St.;19720512;FLAC 44.1kHz 24bit
The Rolling Stones;Goats Head Soup;19730831;FLAC 44.1kHz 16bit
The Rolling Stones;Let It Bleed;19691128;FLAC 192kHz 24bit
The Rolling Stones;Sticky Fingers;19710423;FLAC 44.1kHz 24bit
The Rolling Stones;Tattoo You;19810830;FLAC 44.1kHz 24bit
The Smiths;Meat Is Murder;19850200;FLAC 96kHz 24bit
The Smiths;Strangeways, Here We Come;19870929;FLAC 96kHz 24bit
The Smiths;The Queen Is Dead;19860616;FLAC 96kHz 24bit
The Smiths;The Smiths;19840200;FLAC 96kHz 24bit
The Style Council;Café Bleu;19840316;FLAC 44.1kHz 16bit
The Style Council;Café Bleu (2026 Special Edition);20260130;FLAC 44.1kHz 16bit
The Style Council;Confessions of a Pop Group;19880620;FLAC 44.1kHz 16bit
The Style Council;Home & Abroad;19860600;FLAC 44.1kHz 16bit
The Style Council;Introducing the Style Council;19830600;FLAC 44.1kHz 16bit
The Style Council;Our Favourite Shop;19850608;FLAC 44.1kHz 16bit
The Style Council;Our Favourite Shop (Rarities Edition);20100413;FLAC 44.1kHz 16bit
The Style Council;The Cost of Loving;19870207;FLAC 44.1kHz 16bit
The The;Dusk;19930125;FLAC 44.1kHz 16bit
The The;Ensoulment;20240906;FLAC 44.1kHz 16bit
The The;Hanky Panky;19950214;FLAC 44.1kHz 16bit
The The;Infected;19861117;FLAC 44.1kHz 16bit
The The;Mind Bomb;19890515;FLAC 44.1kHz 16bit
The The;NakedSelf;20000229;FLAC 44.1kHz 16bit
The The;Soul Mining;19831021;FLAC 44.1kHz 16bit
The Velvet Underground;Loaded;19701100;FLAC 96kHz 24bit
The Velvet Underground;The Velvet Underground & Nico;19670312;FLAC 192kHz 24bit
The Waterboys;A Pagan Place;19840528;FLAC 44.1kHz 16bit
The Waterboys;A Rock in the Weary Land;20000925;FLAC 44.1kHz 24bit
The Waterboys;All Souls Hill;20220506;Mixed Track Formats
The Waterboys;An Appointment with Mr Yeats;20110919;FLAC 44.1kHz 24bit
The Waterboys;Book of Lightning;20070402;FLAC 44.1kHz 16bit
The Waterboys;Dream Harder;19930525;FLAC 44.1kHz 16bit
The Waterboys;Fisherman's Blues;19881017;FLAC 44.1kHz 16bit
The Waterboys;Good Luck, Seeker;20200821;FLAC 44.1kHz 24bit
The Waterboys;Life, Death and Dennis Hopper;20250404;FLAC 44.1kHz 24bit
The Waterboys;Modern Blues;20150119;FLAC 44.1kHz 16bit
The Waterboys;Out of All This Blue;20170908;FLAC 44.1kHz 16bit
The Waterboys;Room to Roam;19900917;FLAC 44.1kHz 16bit
The Waterboys;The Waterboys;19830715;FLAC 44.1kHz 16bit
The Waterboys;This Is the Sea;19850916;FLAC 44.1kHz 16bit
The Waterboys;Universal Hall;20030609;FLAC 44.1kHz 16bit
The Waterboys;Where the Action Is;20190524;FLAC 44.1kHz 24bit
Todd Rundgren;2nd Wind;19910912;FLAC 44.1kHz 16bit
Todd Rundgren;A Cappella;19850900;FLAC 44.1kHz 16bit
Todd Rundgren;A Wizard, a True Star;19730302;FLAC 192kHz 24bit
Todd Rundgren;Faithful;19760400;FLAC 192kHz 24bit
Todd Rundgren;Healing;19810200;FLAC 192kHz 24bit
Todd Rundgren;Hermit of Mink Hollow;19780400;FLAC 192kHz 24bit
Todd Rundgren;Initiation;19750500;FLAC 192kHz 24bit
Todd Rundgren;Nearly Human;19890500;FLAC 44.1kHz 16bit
Todd Rundgren;No World Order;19930706;FLAC 44.1kHz 16bit
Todd Rundgren;One Long Year;20000620;FLAC 44.1kHz 16bit
Todd Rundgren;Runt;19700900;FLAC 192kHz 24bit
Todd Rundgren;Runt: The Ballad of Todd Rundgren;19710624;FLAC 192kHz 24bit
Todd Rundgren;Something/Anything?;19720200;FLAC 192kHz 24bit
Todd Rundgren;Space Force;20221014;FLAC 44.1kHz 16bit
Todd Rundgren;The Ever Popular Tortured Artist Effect;19830100;FLAC 192kHz 24bit
Todd Rundgren;Todd;19740200;FLAC 192kHz 24bit
Todd Rundgren;White Knight;20170512;FLAC 44.1kHz 16bit
Todd Rundgren;With a Twist...;19970923;FLAC 44.1kHz 16bit
Tom Waits;Alice;20020507;FLAC 96kHz 24bit
Tom Waits;Bad as Me;20111025;FLAC 96kHz 24bit
Tom Waits;Blood Money;20020507;FLAC 96kHz 24bit
Tom Waits;Blue Valentine;19780905;FLAC 96kHz 24bit
Tom Waits;Bone Machine;19920908;FLAC 192kHz 24bit
Tom Waits;Closing Time;19730000;FLAC 96kHz 24bit
Tom Waits;Foreign Affairs;19770913;FLAC 96kHz 24bit
Tom Waits;Franks Wild Years;19870817;FLAC 192kHz 24bit
Tom Waits;Heartattack and Vine;19800909;FLAC 96kHz 24bit
Tom Waits;Mule Variations;19990416;FLAC 96kHz 24bit
Tom Waits;Nighthawks at the Diner;19751021;FLAC 96kHz 24bit
Tom Waits;Rain Dogs;19850930;FLAC 192kHz 24bit
Tom Waits;Real Gone;20041005;FLAC 96kHz 24bit
Tom Waits;Small Change;19760921;FLAC 96kHz 24bit
Tom Waits;Swordfishtrombones;19830901;FLAC 192kHz 24bit
Tom Waits;The Black Rider;19931102;FLAC 96kHz 24bit
Tom Waits;The Heart of Saturday Night;19740000;FLAC 96kHz 24bit
Toots Thielemans;The Brasil Project;19920720;FLAC 44.1kHz 16bit
Toto;Toto IV;19820400;FLAC 192kHz 24bit
TR-i;The Individualist;19950000;FLAC 44.1kHz 16bit
Tracey Thorn;A Distant Shore;19820000;FLAC 44.1kHz 16bit
Tracey Thorn;Love and Its Opposite;20100518;FLAC 44.1kHz 16bit
Tracey Thorn;Out of the Woods;20070305;FLAC 44.1kHz 16bit
Tracey Thorn;Record;20180302;FLAC 96kHz 24bit
Tracey Thorn;Songs from The Falling;20150427;FLAC 44.1kHz 16bit
Tracey Thorn;Tinsel and Lights;20121029;FLAC 96kHz 24bit
U2;Achtung Baby  (Deluxe Version);19911118;FLAC 44.1kHz 24bit
U2;All That You Can't Leave Behind;20001031;FLAC 96kHz 24bit
U2;Boy;19800000;FLAC 44.1kHz 16bit
U2;Easter Lily EP;20260403;FLAC 48kHz 24bit
U2;October;19810000;FLAC 44.1kHz 16bit
U2;Pop;19970300;FLAC 44.1kHz 16bit
U2;Rattle and Hum;19881104;FLAC 44.1kHz 16bit
U2;The Joshua Tree;19870309;FLAC 44.1kHz 16bit
U2;The Unforgettable Fire;19841001;FLAC 44.1kHz 16bit
U2;Under a Blood Red Sky;19831100;FLAC 44.1kHz 16bit
U2;War;19830228;FLAC 44.1kHz 16bit
U2;Zooropa;19930500;FLAC 44.1kHz 16bit
Utopia;Redux '92: Live in Japan;19920500;FLAC 44.1kHz 16bit
Van Morrison;Astral Weeks;19681100;FLAC 44.1kHz 16bit
Van Morrison;Avalon Sunset;19890600;FLAC 96kHz 24bit
Van Morrison;Back on Top;19990309;FLAC 96kHz 24bit
Van Morrison;Enlightenment;19900200;FLAC 96kHz 24bit
Van Morrison;Hymns to the Silence;19910924;FLAC 96kHz 24bit
Van Morrison;No Guru, No Method, No Teacher;19860700;FLAC 96kHz 24bit
Van Morrison;Poetic Champions Compose;19870000;FLAC 96kHz 24bit
Van Morrison;Remembering Now;20250613;FLAC 96kHz 24bit
Van Morrison;Somebody Tried to Sell Me a Bridge;20260126;FLAC 96kHz 24bit
Van Morrison;Too Long in Exile;19930608;FLAC 96kHz 24bit
Various Artists;Absolute Beginners [Original Motion Picture Soundtrack];19860407;FLAC 44.1kHz 16bit
Various Artists;Here It Is: A Tribute to Leonard Cohen;20221014;FLAC 96kHz 24bit
Various Artists;Live Aid;20180824;FLAC 44.1kHz 16bit
Various Artists;Live at WOMAD 1982;20220729;FLAC 44.1kHz 24bit
Various Artists;Lost in the Stars: The Music of Kurt Weill;19850000;FLAC 44.1kHz 16bit
Various Artists;Peter Gabriel: And I'll Scratch Yours;20130920;FLAC 44.1kHz 24bit
Various Artists;Plus from Us;19930516;FLAC 44.1kHz 16bit
Various Artists;The Gospel at Colonus (Original Cast Recording);19880311;FLAC 44.1kHz 16bit
Various Artists;The Tree and the Bird and the Fish and the Bell;19910121;FLAC 44.1kHz 16bit
Various Artists;Until the End of the World [Original Soundtrack];19911210;FLAC 44.1kHz 16bit
Walter Becker;11 Tracks of Whack;19940927;FLAC 44.1kHz 16bit
Walter Becker;Circus Money;20080610;FLAC 44.1kHz 24bit
Wayne Krantz;Player-Songwriter;20250523;AIFF 48kHz 24bit
Wayne Krantz;Two Drink Minimum;19950913;FLAC 44.1kHz 16bit
Womack & Womack;Conscience;19880613;FLAC 44.1kHz 16bit
Working Week;Compañeros;19860831;FLAC 44.1kHz 16bit
Working Week;Working Nights;19850400;FLAC 44.1kHz 16bit
Wynton Marsalis;J Mood;19860000;FLAC 44.1kHz 16bit
XTC;Apple Venus, Vol. 1;19990223;FLAC 44.1kHz 16bit
XTC;Black Sea;19800912;FLAC 44.1kHz 16bit
XTC;Drums and Wires;19790817;FLAC 44.1kHz 16bit
XTC;English Settlement;19820212;FLAC 44.1kHz 16bit
XTC;Go 2;19781013;FLAC 44.1kHz 16bit
XTC;Homegrown;20010522;FLAC 44.1kHz 16bit
XTC;Homespun;19991005;FLAC 44.1kHz 16bit
XTC;Mummer;19830830;FLAC 44.1kHz 16bit
XTC;Nonsuch;19920330;FLAC 44.1kHz 16bit, FLAC 96kHz 24bit
XTC;Oranges & Lemons;19890227;FLAC 44.1kHz 16bit
XTC;Skylarking;19861027;FLAC 44.1kHz 16bit
XTC;The Big Express;19841015;FLAC 44.1kHz 16bit
XTC;Wasp Star (Apple Venus Volume 2);20000523;FLAC 48kHz 24bit
XTC;White Music;19780120;FLAC 44.1kHz 16bit
Yusuf;An Other Cup;20061114;FLAC 44.1kHz 16bit
Yusuf;Tell 'Em I'm Gone;20141027;FLAC 44.1kHz 16bit
Yusuf/Cat Stevens;King of a Land;20230616;FLAC 44.1kHz 24bit
;;;
;1238;;
;;;